id,fecha,usd_mep,usd_ccl,usd_oficial,creado_en
003059a4-37bf-484a-aa55-2905fe3a4ab9,2024-11-19,1074.5100,1108.9200,1003.2500,2025-09-07 00:46:37.783289+00
0035bf58-556b-40c8-90a6-b10ba82ff0f8,2025-02-20,1206.0600,1215.2600,1059.8800,2025-09-07 00:46:37.884018+00
0074db34-44b4-47e9-ab1f-b87ff3511b80,2023-09-21,680.2700,714.2900,349.9800,2025-09-07 00:46:37.314663+00
00bbf09c-4ab3-4718-96e2-0f85fadd76b9,2023-04-04,399.5600,413.1800,210.8000,2025-09-07 00:46:37.062131+00
00d94864-fd14-4e46-853a-892babcc24eb,2024-07-23,1324.8200,1328.9300,927.3300,2025-09-07 00:46:37.660378+00
00e1d30c-4cb6-4b99-a6ab-2b72479546d3,2025-06-03,1189.6700,1194.5800,1184.0000,2025-09-07 00:46:38.022215+00
015acf24-321b-4372-9709-06851a164427,2024-03-12,1036.1900,1071.2600,848.7500,2025-09-07 00:46:37.498463+00
015babdd-05de-4028-a38c-c39b34520b44,2025-03-18,1299.3200,1298.5000,1069.1300,2025-09-07 00:46:37.937015+00
019d7541-b622-48ff-bb98-9f6aded829d9,2023-04-24,448.7100,462.8300,220.2400,2025-09-07 00:46:37.091604+00
019ed661-497e-412f-b027-3498a9dccde5,2024-06-27,1331.9600,1340.1300,911.5800,2025-09-07 00:46:37.615653+00
0207d6cb-529c-42b3-b675-fa2aa013b026,2026-01-30,1460.3200,1501.7000,1447.6700,2026-01-30 12:46:39.789687+00
020a9cd9-5b19-47f3-9bf5-2748d8437291,2026-02-23,1394.8400,1441.4100,1367.2400,2026-02-23 10:40:01.317232+00
027fe079-f931-4cce-b855-3830ae8be895,2024-03-05,1016.0800,1047.5100,845.2500,2025-09-07 00:46:37.487924+00
031d3521-7bfd-4f14-88f3-04609422df28,2023-12-19,978.3900,958.4200,803.1800,2025-09-07 00:46:37.415924+00
037131a1-2011-4cf8-8137-5721e1898a5a,2023-08-14,636.8400,622.6400,349.9800,2025-09-07 00:46:37.265469+00
03f928ec-b313-42ae-bd97-7d7a09dee7c3,2024-06-28,1347.9600,1350.4100,911.7500,2025-09-07 00:46:37.613834+00
044a5936-1c1b-4197-9135-ea07d5dfb338,2024-05-16,1062.2500,1098.6700,886.2500,2025-09-07 00:46:37.57578+00
0478e865-4172-4222-b062-1f5f45b5e2ba,2023-09-15,677.9100,720.6900,349.9900,2025-09-07 00:46:37.299055+00
047e597c-e2b3-4c74-91d4-28d57fc26a00,2025-02-26,1211.5600,1217.8000,1061.8800,2025-09-07 00:46:37.912842+00
0531b4fc-efe4-4359-9ad6-ae7cc9cd0ee3,2025-02-10,1184.0700,1191.4400,1056.3800,2025-09-07 00:46:37.883645+00
05e8ccbe-4142-417e-a109-a21f21919aee,2026-02-05,1460.8000,1501.9500,1445.6200,2026-02-05 11:00:21.043441+00
070f0688-bc94-478f-8b78-231df6b697d7,2024-08-08,1310.4500,1310.4500,937.5800,2025-09-07 00:46:37.659823+00
0724eb0f-6d60-46be-a07f-d55368aedf7d,2025-08-14,1308.1300,1311.3700,1308.3300,2025-09-04 13:24:45.603322+00
082025fe-4451-4df0-9aa5-2cbc9c958e2e,2023-04-17,397.2900,406.6300,216.3600,2025-09-07 00:46:37.030655+00
085123b4-c79e-4f8b-bd83-da2dca2ac3ab,2023-12-20,952.3300,948.4000,803.7300,2025-09-07 00:46:37.409741+00
0853b8de-72c9-44aa-b2ba-a722736d4a3a,2023-01-11,329.2900,,180.6900,2025-09-07 00:46:37.094974+00
085f7d26-4f3b-4600-ba45-9daeba925ba8,2023-10-11,854.7500,870.2700,350.0300,2025-09-07 00:46:37.332179+00
08b03cf3-b727-48ad-8e8c-e968235939fa,2023-01-05,333.7000,,178.9400,2025-09-07 00:46:37.075557+00
08e104cf-5d84-42eb-b3ec-14048dd48a4c,2025-11-28,1476.4200,1520.4800,1450.7500,2025-11-28 11:35:08.872592+00
08ef5167-a6cb-466f-be01-88407c40146d,2024-06-10,1272.6300,1301.4100,901.1700,2025-09-07 00:46:37.603302+00
094e18b6-8ebc-44dd-8e41-72fa4b9da7df,2025-01-02,1166.3600,1179.5300,1032.7500,2025-09-07 00:46:37.82953+00
09efde89-25f3-4e03-939c-88b121269945,2023-09-18,678.9000,714.8900,349.9900,2025-09-07 00:46:37.294108+00
0a67bc2c-9b44-4592-bc1a-4befdb514f83,2023-10-10,845.0800,855.2800,350.0300,2025-09-07 00:46:37.327579+00
0aaee0a7-f7bd-4f07-9c6f-0915d50154c3,2025-08-01,1362.1400,1363.2800,1361.3300,2025-09-04 13:24:45.588939+00
0ac68e27-c0c1-4937-8e7d-08151c63a875,2024-07-15,1307.5400,1312.8800,922.9200,2025-09-07 00:46:37.646189+00
0b0a5a81-299f-4277-acec-46edea54cf54,2024-05-14,1041.6500,1083.6800,885.2500,2025-09-07 00:46:37.568968+00
0b3f10c4-0075-441e-b448-0ccde47d9a64,2024-10-21,1167.9100,1194.2300,984.4200,2025-09-07 00:46:37.75609+00
0bf436d2-c1fc-4072-8ec5-4ca2132727c1,2024-06-26,1332.1300,1341.3100,910.7500,2025-09-07 00:46:37.617944+00
0cbc866e-cf51-4672-9283-9b2370a49d9b,2023-10-05,784.5600,832.8200,350.0300,2025-09-07 00:46:37.318742+00
0d038765-6cf5-490d-998f-3daa9da42e03,2023-09-14,677.1800,708.8900,349.9800,2025-09-07 00:46:37.297755+00
0d602966-a571-4564-aca8-b399a36e6e3d,2023-06-05,472.3700,497.3200,242.5500,2025-09-07 00:46:37.193416+00
0d797eff-bc8d-4917-966d-f16894f4f204,2023-04-14,393.4400,412.6900,215.1000,2025-09-07 00:46:37.053492+00
0e26164f-8105-4bab-a02c-79757a8b6f76,2024-11-05,1153.5000,1183.9000,994.7500,2025-09-07 00:46:37.771528+00
0ebd6109-9490-4a64-a10e-9ee81637f2c0,2025-10-27,1440.7900,1456.9900,1378.9200,2025-10-27 11:32:28.967298+00
0eef5d0c-ffa7-40e7-b042-f3fad9129c0e,2024-08-13,1268.6400,1268.8900,940.3300,2025-09-07 00:46:37.660343+00
0f4057e0-b249-471a-8a9b-a123cc302a26,2023-12-05,946.7500,938.8000,363.0300,2025-09-07 00:46:37.402055+00
0ff41db9-a9e5-484f-bd10-9b302c660929,2025-12-03,1470.3000,1509.6900,1453.5000,2025-12-03 11:34:20.848083+00
1045c9f2-7e79-4840-a545-b70546f15443,2023-12-18,959.3800,935.9800,802.6300,2025-09-07 00:46:37.410953+00
1071e038-0c76-4ca0-ba36-6fb575426f90,2025-12-12,1478.7300,1514.8600,1438.4200,2025-12-12 11:19:44.882888+00
1091044d-0274-4d26-b98b-72c00bd18381,2024-09-26,1210.9500,1226.9400,968.7500,2025-09-07 00:46:37.740113+00
10bd6723-dd38-4aab-8efb-b8a3a5083a3a,2024-04-26,1034.0400,1084.1700,874.7500,2025-09-07 00:46:37.564092+00
1113af10-f402-4f73-aaa0-162c584b0765,2023-06-22,480.5500,508.6900,252.5100,2025-09-07 00:46:37.191374+00
11245226-1869-4984-ad9a-d4b87e8c0e3e,2025-09-30,1494.0200,1544.8000,1366.5800,2025-09-30 11:28:05.70419+00
11d9b8ac-8f5f-4802-9a04-5b25776fb036,2024-04-04,996.2500,1047.7000,861.7500,2025-09-07 00:46:37.511037+00
125d3b08-5091-435d-9483-c307058dd049,2025-10-28,1477.8700,1490.4000,1470.8300,2025-10-28 11:29:43.316056+00
128d3757-0544-4295-88da-bce7ca0fe5be,2023-04-03,396.9500,408.1700,210.3300,2025-09-07 00:46:37.091906+00
13ae231c-40a2-451a-b8d8-b1044b089eb5,2025-05-06,1199.6100,1211.8400,1203.8300,2025-09-07 00:46:37.991184+00
13e57242-304e-4920-af29-30d55b2449cc,2025-12-01,1475.2300,1517.5200,1449.0800,2025-12-01 11:39:51.602791+00
143b3b51-c7a8-4602-9157-a6a1fcaa674e,2023-03-08,371.6400,,200.0300,2025-09-07 00:46:37.043038+00
1594eaa5-df38-4736-ab17-3abc5e793cc1,2023-05-31,467.2800,524.2900,239.3300,2025-09-07 00:46:37.155386+00
16362391-e911-4bd2-abbf-1378a9d3684d,2025-05-22,1143.4900,1159.1700,1143.5800,2025-09-07 00:46:38.005494+00
16954ccc-18e9-4595-a466-1d2c67d4a506,2024-12-19,1131.1900,1143.3600,1023.2500,2025-09-07 00:46:37.825481+00
169c1931-dd83-4b59-8fdd-ed7ed5d427dd,2025-03-12,1229.3400,1226.6900,1066.8800,2025-09-07 00:46:37.919535+00
170d568b-2266-4852-baa7-9f1b3dea07f5,2024-09-20,1200.1000,1224.7200,965.7500,2025-09-07 00:46:37.717599+00
1769857c-94d6-4ff5-b8dc-50d4a9a4d4d4,2025-01-23,1167.3500,1186.2800,1047.6700,2025-09-07 00:46:37.860479+00
178db252-76f3-4088-89b0-415c55be3c50,2024-12-16,1100.2700,1118.0800,1021.2500,2025-09-07 00:46:37.822705+00
17ea5dea-ab5f-4fef-9b5a-dbd2c73e82b6,2025-12-31,1480.7400,1521.3100,1469.6100,2026-01-01 14:00:05.676531+00
18469ce1-644a-4b89-99ec-c392aeaa91a4,2023-08-07,517.0300,551.9500,283.1500,2025-09-07 00:46:37.233002+00
18658ecc-69f0-4b83-b589-fbc3bce47ef7,2025-07-22,1260.7100,1264.3700,1266.1700,2025-09-07 00:46:38.073155+00
18c4f1b5-e16b-4e49-ba24-2a307f273a5a,2023-02-22,358.1000,,194.9800,2025-09-07 00:46:37.156066+00
19c6445e-b41d-4923-adaa-1c099b534431,2023-11-14,866.8300,881.9100,350.0300,2025-09-07 00:46:37.37377+00
19d327dc-3ef0-4551-b4b8-5c5a5653d3a6,2024-05-15,1050.3300,1095.0500,885.7500,2025-09-07 00:46:37.575281+00
19d91747-3eb8-45b9-91b4-58f910d34b64,2023-02-01,355.1700,,187.3100,2025-09-07 00:46:37.034263+00
1a19f456-635f-4acd-b0fb-648ade9efc4f,2023-10-30,852.0000,862.3500,350.0300,2025-09-07 00:46:37.366722+00
1a88ce25-2d6e-4759-8e64-0272665230de,2023-06-21,481.5400,501.3700,252.0100,2025-09-07 00:46:37.191021+00
1b298def-b06e-49bb-8d3b-392f3f189cb8,2023-11-30,872.1600,843.0800,360.5300,2025-09-07 00:46:37.394589+00
1b995c20-9f3e-4df7-9420-3403f45cf8f3,2025-09-29,1450.9700,1487.0800,1341.0000,2025-09-29 10:55:04.552868+00
1c035a28-c581-415d-a35b-2b84faf88c6c,2026-01-27,1464.6600,1509.3600,1441.3200,2026-01-27 10:59:43.498304+00
1c3a5ef8-8383-4a38-af4d-a5b07dea79a8,2025-07-07,1276.4400,1287.2200,1257.9200,2025-09-07 00:46:38.046541+00
1c9e27ff-a712-488d-aea7-b0594d703469,2024-02-07,1206.6300,1262.4700,830.1500,2025-09-07 00:46:37.470157+00
1ce9c4d5-83bb-467e-a89a-2e505801eeaf,2025-01-16,1166.0300,1186.0200,1042.2500,2025-09-07 00:46:37.911847+00
1cf6bf9d-5080-4c3c-9ca2-9d131ed9e9e8,2025-08-04,1356.1500,1358.1900,1361.8300,2025-09-04 13:24:45.605153+00
1d580abf-1b41-4eca-ad05-e1ab6a6ab0bf,2025-12-22,1493.0600,1545.8900,1450.4200,2025-12-22 11:34:49.247216+00
1da11b9d-93c3-4205-a42a-d5c386aebce3,2025-07-08,1260.7200,1261.3500,1258.0000,2025-09-07 00:46:38.068025+00
1e095fff-42b7-46f2-9134-094a053ef69e,2024-09-18,1206.7200,1234.3600,963.3300,2025-09-07 00:46:37.715028+00
1e731956-9ea7-467c-a23b-c9377aa2665a,2024-09-10,1230.4400,1248.6500,958.1700,2025-09-07 00:46:37.704713+00
1e86661b-5f21-46fd-bc6d-5d57397a6068,2024-11-04,1151.5400,1178.7400,993.3300,2025-09-07 00:46:37.780737+00
1ec52100-c752-4392-817d-08b6baee777a,2023-02-28,356.7900,,197.1500,2025-09-07 00:46:37.036327+00
1ee5457f-dede-4090-804a-876d4e89c02b,2026-01-20,1471.7200,1519.1700,1435.6300,2026-01-20 11:59:30.728806+00
1efb8619-8b67-44a1-998c-372a8e53f962,2023-09-05,671.7100,702.2400,349.9900,2025-09-07 00:46:37.277477+00
1f04aae1-3849-487c-82cb-8b0b275240ae,2024-01-03,1031.4100,1042.3300,811.1500,2025-09-07 00:46:37.406646+00
1f1f0223-49e5-4fd8-913b-e69ebb9e5a1c,2025-03-19,1286.7800,1293.1800,1069.6300,2025-09-07 00:46:37.9502+00
1f47add0-e32b-4b2f-b198-ec5e97b2fcf5,2025-01-03,1165.8800,1179.4900,1034.7500,2025-09-07 00:46:37.826662+00
1f8009d1-fa28-4bae-baed-405bedc1cf61,2025-10-02,1500.0000,1552.7300,1424.7500,2025-10-02 12:37:22.452305+00
202468e0-a1de-4120-b038-b774cfa51422,2023-08-15,654.7900,675.8900,350.0100,2025-09-07 00:46:37.24447+00
2054ed7c-47ba-431f-9145-8c38b3d2ddc7,2025-12-19,1494.6200,1536.8700,1452.2500,2025-12-19 12:17:23.505655+00
20775d69-5723-4f59-b2ed-e51a20a5d1ed,2024-11-12,1124.4000,1158.8200,998.7500,2025-09-07 00:46:37.785423+00
20ddc95b-26ab-466d-960b-2eab460814a6,2026-01-24,1469.3800,1513.2100,1433.0000,2026-01-24 22:23:37+00
2145df36-63b4-48be-94c0-829b8ea86e73,2025-08-27,1358.2700,1357.3400,1359.4200,2025-09-04 13:24:45.608796+00
2204e248-9667-4534-afeb-72621ae9faa2,2024-07-08,1386.8900,1383.8100,918.9200,2025-09-07 00:46:37.648457+00
2334ef4b-cdb1-4ae5-9272-acce81ab0aaf,2023-11-16,857.5400,863.8900,353.4800,2025-09-07 00:46:37.37585+00
233e4bdc-4abb-4e5e-b656-355f9470a051,2026-02-24,1405.0800,1448.5400,1377.0900,2026-02-24 10:21:07.111419+00
237fd7e7-26c8-4fe4-a197-ee5a539128a4,2024-01-10,1144.0700,1179.0300,814.9500,2025-09-07 00:46:37.422013+00
24a5d6cc-8742-4946-866b-b93a2b44d2ef,2025-11-06,1480.2300,1498.8100,1444.5000,2025-11-06 11:54:14.652418+00
252d12aa-65ea-4b5c-8e5b-35d7331d75a2,2024-07-31,1293.3300,1284.3900,932.7500,2025-09-07 00:46:37.656598+00
25db461e-067a-4613-8a75-0a19e982d386,2024-05-07,1048.4900,1092.4600,880.7500,2025-09-07 00:46:37.568223+00
26488560-3c35-4589-9130-feaf03d7572c,2026-02-22,1402.0800,1448.5800,1384.2100,2026-02-21 11:34:32.26516+00
264cc806-b570-483d-b893-543762a981ca,2023-04-12,389.3400,412.0300,214.2500,2025-09-07 00:46:37.054952+00
2675e5b5-42b7-49f1-b06b-0a06062649f5,2025-09-02,1365.6200,1364.4300,1368.2500,2025-09-07 00:46:38.135195+00
268588e3-f1ae-423b-b7b5-d8d4c3c5a84c,2023-05-12,434.3200,446.9700,229.3300,2025-09-07 00:46:37.148136+00
272f008f-79f2-4fb2-808c-7015c05e8006,2025-04-24,1186.5300,1201.0400,1176.4200,2025-09-07 00:46:37.967437+00
27bf23de-123c-46bc-93f7-70c1c0c74342,2023-05-16,442.0800,456.9800,231.1800,2025-09-07 00:46:37.106826+00
28017de5-b73a-45cd-a588-b13e64a44158,2023-03-15,382.3200,,202.5200,2025-09-07 00:46:37.133233+00
290515e5-de18-4dae-b475-e3a37b6c4b3d,2023-02-02,356.2100,380.4400,187.6100,2025-09-07 00:46:37.046496+00
29a64ce6-9658-4130-99a3-999dc75382e4,2023-02-10,354.2900,,190.5300,2025-09-07 00:46:37.002505+00
29e26d51-7dc9-44b4-85ee-c0a80cb7123e,2023-07-07,485.0100,512.9800,260.9800,2025-09-07 00:46:37.228065+00
2a06391f-9b62-42a1-be0a-44c792a97d34,2025-08-17,1308.1300,,,2025-08-24 19:12:43.369214+00
2a1b621d-7138-4d70-b606-e40cdfd68138,2025-12-08,1474.5400,1508.9200,1438.5800,2025-12-09 14:15:07+00
2a2bcecd-b74e-469d-9a87-6d04bfc7129d,2023-12-11,1017.9700,1015.7400,366.0000,2025-09-07 00:46:37.403501+00
2aba6d20-e41c-48ce-a513-a48902fe73cf,2023-09-08,674.2000,703.5000,349.9800,2025-09-07 00:46:37.264041+00
2c0a9842-320b-4863-8cae-f74bc94268a5,2023-12-29,999.0800,1004.9200,808.4800,2025-09-07 00:46:37.420118+00
2cd6d4a1-a437-44db-8503-405a631fedc6,2025-10-15,1441.7700,1456.6400,1373.5000,2025-10-15 11:29:22.40982+00
2cfdbfa7-a6c0-41ec-a85b-eb88c5ebf375,2023-04-18,410.2900,437.9100,216.8900,2025-09-07 00:46:37.144726+00
2db26df0-62dc-47c1-a286-37894b33b98c,2023-09-29,700.9900,733.6200,350.0100,2025-09-07 00:46:37.304998+00
2e86b57a-6263-4154-8d73-1269413c6867,2025-08-18,1301.3900,1303.3100,1298.8300,2025-09-04 13:24:45.576509+00
2f382a6f-6056-4149-a3a6-f1afa165c484,2024-01-16,1172.7300,1208.2600,818.1500,2025-09-07 00:46:37.438988+00
2f6b9bc0-8234-4e38-b42d-b35351175ed7,2023-01-20,351.5300,,183.4400,2025-09-07 00:46:37.137032+00
2f764d02-b826-4f66-a275-7f48a2bec5ee,2024-11-26,1076.1200,1105.7900,1007.7500,2025-09-07 00:46:37.807209+00
2f7c59d7-5bd7-4ac0-9fd6-bf7850ca3c01,2023-02-13,356.7300,,191.6400,2025-09-07 00:46:36.99144+00
2fc695d9-b02e-4ef7-8af7-f513ba57dc21,2025-07-28,1296.5900,1297.6700,1287.3300,2025-09-07 00:46:38.089179+00
30c9aea8-5326-4ee7-9fd8-91d88556c2ce,2023-05-18,474.4400,487.8700,232.2400,2025-09-07 00:46:37.147394+00
310edeb5-d9f2-46b3-b6cf-06250c5840c4,2024-10-29,1129.7200,1150.5000,989.2500,2025-09-07 00:46:37.78717+00
316b901d-52c2-4e78-af3f-df2ae7ef9037,2025-07-04,1246.9200,1247.6400,1239.8300,2025-09-07 00:46:38.064363+00
317fe87e-4a70-4fc0-8c2f-2d18cbbefd9e,2025-09-09,1430.7400,1436.3400,1418.6700,2025-09-09 03:07:43.254176+00
31e50e51-f87c-45dc-9ceb-abb8458e1cf3,2023-07-20,494.6200,544.5700,268.7800,2025-09-07 00:46:37.24647+00
3230b727-5561-459f-9bd8-b23f7b126b3b,2023-09-25,682.5000,715.7900,350.0100,2025-09-07 00:46:37.310244+00
32851878-d0e5-49e7-8205-5cf066368c18,2025-09-08,1434.9200,1440.9600,1422.1700,2025-09-08 11:35:18.544062+00
32e2e517-cdf9-4805-a99b-59f9bcf131a2,2025-01-24,1155.7500,1171.0200,1049.5800,2025-09-07 00:46:37.871525+00
331baf5a-5489-4094-bceb-e7f3d5804e5c,2025-08-26,1352.4600,1355.4800,1352.3300,2025-09-04 13:24:45.603524+00
333c6558-5444-44ea-98f1-c039059d8c38,2025-06-17,1179.7900,1185.0700,1180.0800,2025-09-07 00:46:38.030396+00
334759a7-806d-40e6-9360-a1cb902c22d0,2025-09-22,1427.5100,1436.8200,1425.6700,2025-09-22 10:35:09.363255+00
33b54db9-b3a9-492d-8ce3-de3e03dbe0bc,2024-10-30,1138.3200,1158.6200,990.2500,2025-09-07 00:46:37.790243+00
33df04dc-c61e-4001-9ec8-afa1dd60ddeb,2025-10-22,1592.9900,1612.3200,1487.0800,2025-10-22 10:49:59.092719+00
349376d7-a493-4592-8924-b8080581e9d1,2024-02-22,1044.5300,1093.7100,838.3500,2025-09-07 00:46:37.46283+00
35410aa6-5b1f-4b73-9f57-fd24a1237b1c,2023-11-15,864.1900,874.0800,353.0100,2025-09-07 00:46:37.365791+00
359080e4-9b03-4a74-afc8-c42e9119c765,2025-11-12,1451.8900,1471.1400,1402.0000,2025-11-12 11:11:19.877452+00
35a62553-c366-47f0-a5d7-239170e9b1ea,2023-10-18,885.2500,909.8000,350.0300,2025-09-07 00:46:37.361739+00
36293097-4794-402f-8900-49ee9cc2331a,2025-02-11,1180.8500,1191.1700,1056.6300,2025-09-07 00:46:37.900907+00
36e88b30-198e-4967-95d5-422ab86f659e,2025-01-09,1164.1900,1185.2900,1037.7500,2025-09-07 00:46:37.853552+00
3706e558-dc97-4368-a96d-189d677da2af,2023-07-25,499.6700,555.8000,271.6700,2025-09-07 00:46:37.235045+00
373f9638-7341-4819-82c3-202b3c56bf9b,2025-03-25,1294.3000,1297.9000,1071.5800,2025-09-07 00:46:37.95666+00
37529520-2561-4ce8-af40-5a5bdbb85087,2023-07-21,495.5600,538.1900,269.4200,2025-09-07 00:46:37.243494+00
3793bece-7f05-4848-8f0b-febcf2f9dcd9,2025-07-03,1238.3700,1236.9300,1226.9200,2025-09-07 00:46:38.05417+00
37fa3ea7-4c9d-4421-b90e-bd8219d152b4,2024-07-02,1428.4600,1424.9800,915.1700,2025-09-07 00:46:37.63136+00
38757740-f3c6-4041-b434-88e83a2e8bad,2024-05-09,1046.0200,1084.7700,882.2500,2025-09-07 00:46:37.57558+00
38ba38a6-acf7-4451-966c-dbe7c3f041b4,2025-12-18,1498.5800,1544.2000,1453.1700,2025-12-18 12:04:33.186445+00
38fd27c1-d037-41d1-be2d-8d9f2f03f8da,2025-07-15,1276.2400,1278.8200,1277.0000,2025-09-07 00:46:38.072765+00
3994b083-74a3-4e30-8a83-8824b1697511,2025-05-29,1181.9000,1194.9800,1174.5000,2025-09-07 00:46:37.999619+00
3a52a164-e55f-415f-8f7f-ddda7ee0ade8,2025-10-09,1440.8100,1459.1800,1451.7500,2025-10-09 11:55:50.534456+00
3a584f8b-f92e-4645-ad71-a0ea333326f9,2024-10-31,1131.4600,1154.2100,990.7500,2025-09-07 00:46:37.778233+00
3ab8381b-a9ab-400c-98dd-52d97df8171b,2025-10-13,1409.9200,1433.6100,1347.6700,2025-10-13 13:41:25.381215+00
3acb4c3e-a707-49d7-a237-8490a6044306,2025-06-11,1186.9300,1189.8900,1184.5000,2025-09-07 00:46:38.019191+00
3b350439-18c2-46ed-a52e-f7475142aae1,2024-07-10,1382.2400,1387.3900,919.8300,2025-09-07 00:46:37.651526+00
3b606f65-28eb-4a23-a649-c942ab2259f2,2023-12-04,922.1900,916.1400,362.5300,2025-09-07 00:46:37.409628+00
3bde9131-b472-4557-aeb0-84557133e157,2023-05-09,430.6700,451.8000,228.0600,2025-09-07 00:46:37.154935+00
3c041b02-f700-4dfe-aabf-bd7a957bf6c0,2024-04-19,1026.6500,1065.8200,870.7500,2025-09-07 00:46:37.568997+00
3cecdce9-2048-43dd-bc6c-8c64c873a118,2025-06-02,1183.7800,1192.1700,1181.1700,2025-09-07 00:46:37.99941+00
3d99f67c-6fbf-4130-988d-d75a1e7a097b,2025-12-11,1476.1100,1506.3700,1438.2500,2025-12-11 12:14:42.210863+00
3ebbe304-f312-4fd5-964b-1e811a77a3db,2025-09-13,1468.4600,1491.4100,1447.1700,2025-09-13 12:26:15+00
3eecfd57-8c53-447e-8ac5-67d9a2ae4b1f,2024-04-18,1021.9200,1069.9200,869.7500,2025-09-07 00:46:37.574012+00
3f7bb0a0-6f5e-4e53-9bbc-abe79d62d84c,2025-05-16,1155.1200,1171.9900,1146.1700,2025-09-07 00:46:38.008227+00
3f7f5a6c-12e3-4499-955e-d3836048b12e,2023-09-26,685.0900,720.1700,350.0300,2025-09-07 00:46:37.312588+00
3fbe1821-b86e-4ae4-985e-bb468236d84b,2025-07-18,1291.9600,1295.2600,1283.8300,2025-09-07 00:46:38.090345+00
3fcd3547-ea3c-4210-8511-359e5f70accd,2025-06-18,1167.0700,1169.6900,1151.0000,2025-09-07 00:46:38.035701+00
416a746d-27ac-412f-9454-f9eba9689d05,2026-01-01,1480.7400,1521.3100,1459.4200,2026-01-01 14:13:23+00
41878c95-63bf-49f0-bb5a-aca2f0b6a865,2024-12-09,1049.3100,1065.4500,1016.7500,2025-09-07 00:46:37.793905+00
419ee8b3-4a83-458f-bb0b-0ea8b9cf2c40,2023-01-03,332.3100,353.3700,178.4300,2025-09-07 00:46:37.103183+00
41a0feff-5110-4b41-841c-8455cae008a8,2023-05-04,430.5700,453.6400,225.6600,2025-09-07 00:46:37.039703+00
41b53438-a5df-4e28-ac35-a29251db7986,2025-10-07,1533.9500,1556.1100,1429.7500,2025-10-07 11:58:42.775273+00
4212421e-82fe-47aa-89b5-c868638a563a,2023-10-06,819.8900,840.7800,350.0300,2025-09-07 00:46:37.32864+00
422de7a1-ff6d-4182-b262-2d09cfe448c1,2024-05-13,1034.8900,1076.2500,884.2500,2025-09-07 00:46:37.584735+00
4312b869-7319-4a1f-a9ed-c504a3fc3807,2023-07-10,486.0300,512.8900,262.6500,2025-09-07 00:46:37.220661+00
4329b892-1801-44d5-ad57-6b4f2e9fdeaf,2025-04-10,1364.0100,1363.3400,1077.3800,2025-09-07 00:46:37.954777+00
434e273f-f9dd-4a82-ba26-20989fa55a4d,2025-01-29,1163.3600,1176.9700,1051.5800,2025-09-07 00:46:37.864977+00
440969e0-5269-4ebb-acc9-5866e56ea8f3,2023-12-01,935.6300,930.2900,361.0300,2025-09-07 00:46:37.387565+00
449688bc-0ec7-4a57-9b9c-a3e11261df97,2025-10-01,1523.0000,1567.5200,1423.8300,2025-10-01 11:12:25.363646+00
44ba9fd9-3b91-4c45-ba87-f2a1796e599b,2024-07-03,1382.5000,1378.8800,915.6700,2025-09-07 00:46:37.620899+00
4523c676-a69d-4745-8ac5-3c1802dfdfce,2026-01-21,1463.7000,1511.8300,1429.7800,2026-01-21 11:06:24.885026+00
453470b2-8540-49f4-bd54-a4f30f670a31,2023-08-10,529.8400,569.8400,286.1900,2025-09-07 00:46:37.247823+00
458d12bc-75fd-411c-8a71-a6de2dda8d90,2025-12-26,1486.1100,1530.4600,1450.9200,2025-12-26 11:12:56.807151+00
45b887a2-b929-41f4-a27e-d06c951ff86c,2023-09-12,676.2600,707.3300,349.9800,2025-09-07 00:46:37.291627+00
4710f2df-82c3-4dde-b42a-b8f3bf06e97c,2025-08-28,1344.0500,1345.6600,1343.6700,2025-09-04 13:24:45.650275+00
4777592c-bfe3-42db-a6da-fce6ca456aec,2023-02-03,357.1100,,187.9500,2025-09-07 00:46:37.197473+00
47cd4bb3-c94c-48f7-badc-eb1987f91bc4,2024-09-25,1209.7900,1228.0000,967.9200,2025-09-07 00:46:37.748871+00
47eb6215-965f-49e5-9c79-8d9d56039f6d,2024-03-25,1012.9400,1083.0000,856.2500,2025-09-07 00:46:37.521516+00
47f0118d-a783-4a68-8e2e-e08d5d415830,2023-02-07,353.9500,,189.4600,2025-09-07 00:46:37.063092+00
4804b35d-80ce-4fbb-a771-3821b50182e1,2023-09-04,671.7600,708.5500,350.0300,2025-09-07 00:46:37.270927+00
487dbd73-ce52-4199-a0b2-fb7544967f6b,2025-04-01,1314.4700,1313.4300,1074.5400,2025-09-07 00:46:37.949758+00
48fa1ca2-3532-4b94-888c-3bff63aef41e,2024-04-08,985.8600,1030.6300,864.2500,2025-09-07 00:46:37.538369+00
493c44db-a6f2-432d-81cc-d36577eb7a5f,2025-12-24,1481.6300,1525.3800,1450.6400,2025-12-24 11:55:37+00
4a03f5ac-dbe8-41db-824e-39eaaf389ad2,2025-08-25,1360.3100,1361.4900,1344.1700,2025-09-04 13:24:45.599259+00
4a5b9219-d397-4fba-89ae-db2fff1e7a13,2024-08-02,1334.0400,1329.8000,935.0800,2025-09-07 00:46:37.665427+00
4aa566b0-3bed-48f7-a321-52f0faf712f4,2023-08-02,512.4800,537.5800,277.3400,2025-09-07 00:46:37.229828+00
4ae507b0-a433-4830-970c-8f84e9fc36e3,2025-11-04,1495.5800,1515.4300,1473.1700,2025-11-04 11:24:10.098+00
4b554c0c-d301-4765-9234-6a41914f9b17,2024-04-15,1021.5500,1077.0900,868.2500,2025-09-07 00:46:37.532907+00
4b5e04bc-f89b-4fa1-8f59-e31215e6c066,2024-05-23,1234.4000,1257.4100,890.2500,2025-09-07 00:46:37.590354+00
4b9d996e-6cc8-44f8-b09f-e237559d8cec,2024-11-07,1135.9900,1163.4300,995.3300,2025-09-07 00:46:37.784958+00
4bc4b78f-4785-4ab1-809b-98e7b7b416e5,2024-01-09,1150.9900,1167.4300,814.3500,2025-09-07 00:46:37.422418+00
4c676e93-88fc-468e-93d0-3e86dba8d377,2023-02-17,357.2600,,193.1900,2025-09-07 00:46:37.045906+00
4c851671-5db4-4ca3-b792-970c8b06d371,2024-06-19,1273.8100,1290.5500,906.0000,2025-09-07 00:46:37.605386+00
4d1476c2-8175-438d-a669-4fd44b73277e,2025-03-11,1230.3800,1230.0000,1066.6700,2025-09-07 00:46:37.917326+00
4e2dd547-c292-4d02-a482-1203071c202f,2023-05-03,429.3200,441.2800,225.0900,2025-09-07 00:46:37.042466+00
4e3846fa-ba0a-4bf9-ab00-550ad8986b98,2024-08-20,1287.8200,1291.4200,944.8300,2025-09-07 00:46:37.69124+00
4edafb0d-6992-4aa4-bcf4-3ebeba5a3abb,2023-10-19,889.5100,914.4000,350.0300,2025-09-07 00:46:37.336537+00
4ef89ae0-f5c3-4940-87cd-30b57642e9c7,2024-01-05,1108.6100,1148.3300,812.2500,2025-09-07 00:46:37.415245+00
4f1227a6-8f98-4cd1-9b22-f63b57f5a394,2023-06-27,479.7600,507.7400,255.1700,2025-09-07 00:46:37.216415+00
4f28ebb5-1823-48e5-aab3-cef02d5885ea,2026-02-12,1417.8100,1461.3600,1394.1500,2026-02-12 12:14:24.606339+00
4f308107-cfad-4a74-8ebd-b1d0631e1640,2025-08-07,1327.8000,1331.1100,1331.0800,2025-09-04 13:24:45.612898+00
4f38eed5-2102-4c6e-a48e-0e664e5a7e84,2023-06-23,481.0500,509.7100,252.9900,2025-09-07 00:46:37.216976+00
5038a983-7bb2-4d88-8491-d57148aec39f,2024-05-17,1071.1200,1103.3800,886.7500,2025-09-07 00:46:37.577491+00
506fa513-2c51-4ee1-a5fa-e99b6a8b3c0e,2023-06-02,469.0700,485.7800,240.7400,2025-09-07 00:46:37.158102+00
50b24d5b-2c4e-467e-9211-46bfb9856159,2024-10-09,1147.8800,1195.7000,976.2500,2025-09-07 00:46:37.741884+00
50d369f7-c4c9-4939-ac17-1ae107077026,2024-01-12,1101.2000,1113.6400,816.0500,2025-09-07 00:46:37.430912+00
50d3e9f3-2d81-4ba2-a403-a2e06b5cef33,2025-07-23,1264.6500,1267.2300,1259.6700,2025-09-07 00:46:38.085341+00
51355304-c18d-452b-8ca5-ba5aff97d747,2025-09-14,1468.4600,1491.4100,1453.0000,2025-09-14 11:56:28+00
515895d6-4da5-4a12-a0a5-d4434ef603ba,2024-09-13,1226.5300,1248.6000,961.7500,2025-09-07 00:46:37.716175+00
51b2ba17-a28d-4419-9681-0ad7367e4797,2024-07-25,1332.7700,1331.9200,929.1700,2025-09-07 00:46:37.659412+00
51b3ccce-f954-4121-9365-1a735bdd4947,2024-03-14,1015.6900,1062.3600,850.2500,2025-09-07 00:46:37.523161+00
51df1544-d2f7-47c3-af82-f6d305e5d162,2023-11-24,968.2500,969.7000,357.5300,2025-09-07 00:46:37.385042+00
52dc833c-1d24-44e4-8625-5823a7907be0,2024-07-04,1395.6800,1396.9900,915.9200,2025-09-07 00:46:37.639644+00
52f1a677-23f2-4f32-aa87-f3cb2dc66f75,2023-11-21,930.3700,931.9200,356.0300,2025-09-07 00:46:37.367854+00
53320731-0d16-4f9e-81bb-6f69237dd1ad,2024-05-02,1064.5600,1116.8200,878.2500,2025-09-07 00:46:37.590208+00
535f7a8e-c248-44dc-915e-6784bdcd711f,2024-11-15,1096.0200,1134.7200,1002.7500,2025-09-07 00:46:37.796883+00
5388ba9e-1425-4041-9549-8a0ce621b02b,2023-08-08,522.0200,556.0300,284.1900,2025-09-07 00:46:37.257547+00
541a3d8f-d3fc-4fe9-acb2-885e024f44c4,2026-02-27,1437.5800,1481.0100,1408.0000,2026-02-27 10:40:08.379929+00
542427a0-ef55-4877-89f5-42d23a52d608,2024-02-23,1070.0200,1096.5800,838.9500,2025-09-07 00:46:37.477417+00
5472527a-fe7a-460f-952d-3daac6ef1d95,2024-10-15,1139.9100,1179.2100,980.5800,2025-09-07 00:46:37.764685+00
55b6ffaf-d26a-465e-bcac-f1cc4748fa54,2025-09-17,1486.4700,1498.1800,1471.4200,2025-09-17 10:29:20.518317+00
565b04b5-3b4a-4b3f-89a9-ecd168efd9c4,2024-04-22,1014.9800,1053.5400,872.2500,2025-09-07 00:46:37.553883+00
57140e54-d401-4e05-b821-3ed68e8ac9f5,2026-02-07,1447.9900,1497.5400,1430.5900,2026-02-07 11:25:51+00
5721f1da-48a2-42ea-804c-db061084f42c,2024-10-04,1187.5200,1225.8700,974.8300,2025-09-07 00:46:37.780955+00
57a343e9-65b5-470b-b78f-3ea2e61560a4,2025-08-08,1332.2300,1334.6600,1329.4200,2025-09-04 13:24:45.892175+00
57bc954c-b57d-455f-b700-1845a043debc,2023-12-26,940.9600,923.5100,806.8800,2025-09-07 00:46:37.42187+00
5839de63-843a-4209-9a97-7ce5c00849da,2024-03-18,1023.7900,1078.3400,852.2500,2025-09-07 00:46:37.526317+00
58baa002-b7f1-49d1-a32b-f2cc815ed1c6,2026-02-16,1423.6000,1465.8300,1395.4200,2026-02-16 13:10:35.330514+00
58c0ffa2-de8b-4494-ac6f-c2211fdb1576,2025-11-27,1481.8200,1526.9800,1448.0000,2025-11-27 12:15:33.634731+00
59a92fdb-4569-47cd-845c-ea1809ce0759,2024-03-19,1032.3600,1083.5600,852.7500,2025-09-07 00:46:37.520473+00
5a6a0fc7-8a38-4137-8c02-38c5b677f936,2023-09-07,674.1500,707.2500,349.9900,2025-09-07 00:46:37.278043+00
5ab080ab-0080-4292-a17c-399f0a1d6d5a,2025-07-24,1272.9100,1276.3300,1262.0000,2025-09-07 00:46:38.064064+00
5b22d061-fa20-4a71-bf47-5d1fcff49958,2024-02-29,1032.2400,1076.9700,842.2500,2025-09-07 00:46:37.476213+00
5b3a0944-db42-439f-8f34-f78c94fd7975,2024-03-21,1036.2500,1097.3700,854.2500,2025-09-07 00:46:37.497624+00
5b7fd8d6-b4ba-4501-9b5d-816acf30be76,2023-03-03,367.0900,374.4700,198.2600,2025-09-07 00:46:37.112525+00
5bc364e5-86ef-4e57-8902-3bfd83967376,2025-10-30,1470.6000,1486.9600,1433.6700,2025-10-30 11:32:00.873818+00
5c03c93b-db38-4dbf-9a2b-562b2e5a20d4,2024-12-10,1060.5200,1076.7400,1017.2500,2025-09-07 00:46:37.829154+00
5d07eae9-19a9-4cc9-a7b2-8a34df6be3bf,2023-05-08,430.6400,452.4100,227.5800,2025-09-07 00:46:37.087997+00
5d6624c6-51f1-4871-8854-c3fd5f06ccc4,2024-07-12,1416.8300,1424.5600,921.7500,2025-09-07 00:46:37.620605+00
5de2cc76-07b9-4988-a161-3ac756078af9,2023-03-09,375.8600,,200.3600,2025-09-07 00:46:37.195464+00
5e23834b-3cf1-4b31-98cc-8391e34395a7,2025-06-13,1192.1300,1193.5400,1187.6700,2025-09-07 00:46:38.0431+00
5e87b1a8-1f52-4caf-999e-2dd55f796fe2,2025-01-20,1165.9000,1185.8900,1045.2500,2025-09-07 00:46:37.880069+00
5ee94c03-7cc7-4405-b642-e4172980b430,2025-09-19,1551.0300,1571.9200,1474.7500,2025-09-19 11:08:16.042162+00
5ef1cbf0-7a20-4767-9ee1-be36f5c054f4,2024-10-14,1135.2200,1177.2300,980.1700,2025-09-07 00:46:37.758143+00
5f27e8e0-acba-4623-86d3-484a8e83fb06,2023-07-12,486.7800,513.6800,263.9300,2025-09-07 00:46:37.217343+00
5f3aadda-dc1a-47c1-a923-114fba332519,2025-09-18,1535.4000,1550.8400,1474.2500,2025-09-18 11:06:36.260422+00
5f685855-53c2-423b-b954-9865a7b5362d,2024-12-30,1170.4100,1185.8600,1032.5000,2025-09-07 00:46:37.843328+00
5f83bc16-ede7-45de-8ba2-8d075358d536,2023-03-22,386.2000,,205.4000,2025-09-07 00:46:37.025337+00
5f8b9763-8a34-4fa9-a8c8-8b5a81fd8452,2023-12-12,1049.9200,1053.0600,366.5000,2025-09-07 00:46:37.395556+00
6040afbf-2789-4639-8a92-dfb912086ce6,2025-06-25,1196.4300,1200.4400,1176.3300,2025-09-07 00:46:38.056116+00
6087e71a-ca85-49d9-8e6e-d6c07cc35d0a,2024-12-13,1073.0800,1087.6700,1020.7500,2025-09-07 00:46:37.818973+00
6096c075-d31c-4390-9fe6-39421f901885,2024-09-23,1204.5700,1225.6200,966.3300,2025-09-07 00:46:37.742159+00
609a1796-5280-4562-b828-093bfe5a1a35,2024-10-28,1134.1800,1154.8600,988.8300,2025-09-07 00:46:37.770606+00
60a297eb-257d-43f1-a6da-c483c7d6276b,2025-10-23,1533.7000,1552.2300,1484.0000,2025-10-23 11:41:55.8682+00
60c7d7d3-dc05-43fc-920b-3fe3ae4c905c,2024-07-24,1337.5100,1338.9100,928.6700,2025-09-07 00:46:37.636685+00
61a48122-50f9-454b-b715-475762669fee,2023-02-08,355.4000,,189.8600,2025-09-07 00:46:37.093487+00
627ebb66-d87a-4163-b092-bff95e04c5b2,2024-01-02,989.5400,980.6200,810.6500,2025-09-07 00:46:37.443532+00
62a2cc25-8c4c-4488-93d2-dcd4f482057b,2023-11-13,866.7700,871.7100,350.0300,2025-09-07 00:46:37.385947+00
62b447a7-bf8f-4e2f-8f91-878d52dc4094,2024-02-06,1187.5600,1253.7800,829.5500,2025-09-07 00:46:37.450645+00
634ff5a7-7631-4b47-84eb-e2098e2b2c21,2024-10-16,1161.3700,1188.5800,981.5800,2025-09-07 00:46:37.755126+00
635605a9-2667-4818-a5a8-d147f32979f1,2023-07-19,492.2800,535.8500,268.2300,2025-09-07 00:46:37.232717+00
63b642ff-23df-4a36-a32b-d96e51e3f31a,2024-12-23,1162.3000,1175.0000,1027.7500,2025-09-07 00:46:37.827975+00
6446c1f4-c8a5-4283-9338-97b4f7ea9df3,2025-06-30,1211.1000,1213.7600,1194.0800,2025-09-07 00:46:38.050605+00
6454a5d8-766f-48ec-aa09-8f82dfef957b,2025-05-13,1140.9200,1156.9400,1125.6700,2025-09-07 00:46:37.999292+00
64ba52b1-df43-445c-ab04-bfee203dc9e5,2025-10-06,1499.1100,1523.6400,1429.7500,2025-10-06 11:33:35.061155+00
64da2bf2-2125-4063-b04c-334bbd1e8fa3,2023-01-26,353.8800,,185.3200,2025-09-07 00:46:37.160424+00
662699a8-f925-4689-8184-a67beb3be952,2024-10-02,1207.5100,1236.7300,971.7500,2025-09-07 00:46:37.745204+00
66364b9c-196e-40c8-a045-e0f85dff41d2,2024-10-17,1159.6000,1193.3200,981.7500,2025-09-07 00:46:37.758253+00
663e3aac-dd64-4738-a01e-ee7512d69cda,2025-04-14,1253.4000,1252.0800,1182.4200,2025-09-07 00:46:37.976749+00
66653a12-9fad-4247-847e-9944c52fe4e7,2024-03-15,1027.6300,1072.0600,850.7500,2025-09-07 00:46:37.52609+00
668c2b56-c3a8-421e-b9df-349f1dcf6368,2026-02-21,1402.0800,1448.5800,1384.2100,2026-02-21 11:34:18.170371+00
66dc1136-0cf8-459e-a317-5baa8167e5ca,2025-07-29,1294.4500,1294.6700,1296.6700,2025-09-07 00:46:38.097705+00
679914f0-3180-4665-8128-4b3cf4acdf24,2024-02-27,1054.0200,1091.6700,841.1500,2025-09-07 00:46:37.488187+00
68563609-85d7-4a6a-9134-e0d9f1f599c6,2024-09-11,1230.1600,1249.3600,958.9200,2025-09-07 00:46:37.70593+00
68f4990c-f5dd-4074-ba27-98f5c46da6da,2023-06-28,481.6500,509.0500,255.8400,2025-09-07 00:46:37.208743+00
69445380-8231-45c2-b0a1-586a6217fc5a,2024-01-11,1112.6100,1150.4100,815.4500,2025-09-07 00:46:37.416953+00
69cbcb39-aa9b-40ba-9caa-2483dcd8de63,2023-09-20,679.5000,713.5900,350.0000,2025-09-07 00:46:37.323483+00
6a0c86d8-01bb-4c1d-900d-3296c04858f8,2025-12-09,1469.8700,1502.1800,1437.4200,2025-12-09 13:39:09.18623+00
6a24b8e0-19e9-4375-a899-7909767304b3,2024-10-08,1169.5400,1212.7800,975.9200,2025-09-07 00:46:37.746889+00
6a826002-6589-4bcb-9a77-f5d296fd2cb6,2024-12-03,1075.6500,1102.4200,1013.1700,2025-09-07 00:46:37.825223+00
6adef09c-d283-4799-9476-d587a0058706,2025-08-13,1318.7200,1321.9600,1318.0000,2025-09-04 13:24:45.607564+00
6b04ca7e-9cdc-4f31-a292-e066fa196948,2025-11-25,1480.6800,1521.8400,1442.8300,2025-11-25 11:36:31.478976+00
6c086afb-1af4-4e6b-a7da-e77d8c9d3bfa,2025-09-26,1431.4400,1466.2900,1332.0000,2025-09-26 11:19:45.966519+00
6c331153-8843-4dc0-b256-af307d4c9162,2023-03-27,373.9100,406.2800,207.4000,2025-09-07 00:46:37.026913+00
6c409a1f-394d-46fe-a215-b59def1cc264,2025-11-24,1452.7600,1489.7800,1442.8300,2025-11-25 11:36:31.478976+00
6c9ec3f4-82f7-4f52-8ec7-cf9d73e45569,2024-03-04,1029.5400,1062.0200,844.2500,2025-09-07 00:46:37.503078+00
6cddaf38-db3e-424f-8531-a869c586e2c8,2025-11-26,1487.5500,1533.0700,1448.5000,2025-11-26 11:43:40.350466+00
6d13216a-1fa8-4b9c-a723-e583765d94fe,2023-01-24,355.6600,,184.6900,2025-09-07 00:46:37.128344+00
6f56c1ea-c3a1-412f-8137-3359bf1b6aeb,2024-03-22,1036.1600,1095.0500,854.7500,2025-09-07 00:46:37.510121+00
6f62cba7-c9b6-4ea1-9add-38408cb61df2,2025-09-10,1428.4900,1431.6300,1419.9200,2025-09-10 10:17:57.761541+00
6f7927c5-f0eb-4169-aa25-054c00062ffd,2025-06-19,1174.0300,1178.0600,1156.1700,2025-09-07 00:46:38.036944+00
6fda87b6-ea26-4c0f-846c-4bbfabc08544,2026-01-07,1494.5600,1531.3000,1466.0300,2026-01-07 10:32:45.358423+00
6fde29b2-e3cf-4fe0-9374-5486bcb75fe2,2025-01-21,1167.6100,1187.4400,1045.9200,2025-09-07 00:46:37.863838+00
7016a250-8727-410c-9c30-35c5af24d90f,2024-12-04,1076.3400,1103.2900,1013.2500,2025-09-07 00:46:37.817546+00
70a0a016-8282-423c-a289-3d5cd9789bc0,2023-09-11,675.7700,704.4100,349.9800,2025-09-07 00:46:37.294412+00
717546b2-dede-4a17-8968-475d4d909106,2023-04-13,391.9200,408.0700,214.6700,2025-09-07 00:46:37.002608+00
718ba677-16f9-4acd-80a6-0d02d159cb63,2024-01-08,1147.8000,1160.5600,813.8500,2025-09-07 00:46:37.431878+00
71d1b358-1a04-4c70-be6c-9b019d61b058,2023-07-13,487.7700,514.6500,264.5200,2025-09-07 00:46:37.21199+00
725abdc2-dbe3-4278-979e-db77cb33b927,2025-01-14,1162.9300,1183.9800,1041.2500,2025-09-07 00:46:37.851844+00
72c5cade-827d-4bd2-ac67-fe0cac47740a,2024-04-24,1015.5400,1057.7300,873.2500,2025-09-07 00:46:37.57151+00
7316975b-05b5-4c6a-9226-c59af1d19dd4,2023-06-30,482.6900,506.9200,256.6800,2025-09-07 00:46:37.209185+00
733543e1-c2c7-4007-afb2-4f771bbf4983,2025-09-23,1405.0200,1417.2100,1354.1700,2025-09-23 04:24:10.468219+00
737558af-a47e-498d-8661-9d4f97a34a51,2024-06-13,1241.1000,1265.8800,902.5800,2025-09-07 00:46:37.603477+00
7393d390-9870-424c-a73b-638a8f161e69,2024-06-07,1282.3300,1310.3200,899.0800,2025-09-07 00:46:37.597696+00
741b1703-5bbc-4784-9fb8-0562100b2beb,2023-12-28,952.1300,937.1700,807.9800,2025-09-07 00:46:37.422252+00
7437328b-8861-446c-8ce3-d68d26f5af87,2023-11-22,979.2300,990.2900,356.5100,2025-09-07 00:46:37.376915+00
749b445c-21c6-4aba-a5a3-3336de1683fe,2025-12-23,1479.4400,1528.6300,1450.5000,2025-12-23 11:21:52.473602+00
74a08e4e-a8ee-405a-af65-a5b291d0517b,2025-10-10,1440.8100,1459.1800,1451.7500,2025-10-13 13:43:06+00
74b7ca62-40cb-49aa-8bf3-47917956b6ca,2026-01-13,1487.1100,1528.0500,1463.3200,2026-01-13 11:22:59.530712+00
74f916ce-3132-471f-a5f6-26b4db655989,2025-10-03,1498.8100,1524.6800,1424.7500,2025-10-03 11:26:31.233952+00
758184ab-0987-4663-ac4f-3e0afd2aba09,2025-08-19,1296.3700,1300.4100,1292.3300,2025-09-04 13:24:45.60709+00
75a8b08a-a61f-4664-aa2c-36eaa1654f46,2025-05-26,1145.4200,1160.6100,1139.8300,2025-09-07 00:46:37.991435+00
76112b6a-e87c-47d8-858d-96b84fa7c116,2024-01-15,1126.9800,1136.6100,817.6500,2025-09-07 00:46:37.430996+00
761bece5-5738-461b-824e-67cd316cc8bc,2023-10-27,854.4800,856.2200,350.0100,2025-09-07 00:46:37.380165+00
76369c0d-18d7-4a5b-9a8e-9e045a0014a8,2025-11-13,1462.0400,1482.1900,1408.8300,2025-11-13 14:01:01.11075+00
7690f22d-036c-4369-84e8-d5aae0ef04bc,2025-08-20,1307.8600,1313.0900,1298.5000,2025-09-04 13:24:45.601597+00
769fd149-5ca5-42e9-91df-036ad96e92b5,2024-07-16,1278.9400,1280.2400,923.5000,2025-09-07 00:46:37.631252+00
76ca3147-ac13-4117-b70a-c4d3f6b214c2,2025-10-08,1527.9500,1543.6400,1429.7500,2025-10-08 10:53:41.26386+00
76f8a50f-3b00-4c12-8f4b-8302a1b1f15f,2025-03-21,1290.4100,1289.8100,1071.3300,2025-09-07 00:46:37.965984+00
7704ad53-268c-456b-849c-ae688971ba97,2024-11-27,1074.6100,1106.1600,1008.7500,2025-09-07 00:46:37.801871+00
77c2adc1-4f54-4f2d-be4b-e0bbcedbbd8e,2024-09-02,1285.0100,1304.2800,952.7500,2025-09-07 00:46:37.728971+00
782a4b96-89d9-48ca-9d80-19a9bdbdfff5,2025-10-21,1591.5700,1613.2700,1484.7500,2025-10-21 11:40:39.236565+00
789ccaf5-2a82-4455-83e2-2b2dca630eec,2026-01-15,1473.8300,1513.7000,1443.8600,2026-01-15 11:28:01.456181+00
78b02c65-b87e-4e58-a13e-3e23e65d9225,2023-10-23,946.4200,999.4800,350.0000,2025-09-07 00:46:37.324763+00
78db91ba-a6b4-4503-a227-9a51e2c796b2,2023-09-22,681.5200,710.2800,350.0300,2025-09-07 00:46:37.310356+00
78e8dafc-b7c4-4fac-93f7-0759e9880081,2025-08-05,1344.2700,1346.9600,1351.1700,2025-09-04 13:24:45.589318+00
78ea3840-91b6-4509-a6d7-81f1bd320c19,2024-01-18,1227.0600,1274.3800,819.2500,2025-09-07 00:46:37.428012+00
78ff0e95-66f3-41f6-8b51-b50661121b4d,2023-06-06,471.6700,519.1600,243.1800,2025-09-07 00:46:37.151306+00
79279e26-3420-4f59-8eb9-a64599ea7796,2023-04-21,435.8900,479.5400,218.5100,2025-09-07 00:46:37.11275+00
794e1cf2-ac7e-45e4-8a91-1267ed9ad423,2025-02-24,1207.4800,1214.8100,1061.1300,2025-09-07 00:46:37.910022+00
7a385136-1d8a-4852-852b-dcd50d0630cb,2023-01-18,346.5400,,182.8000,2025-09-07 00:46:37.139421+00
7a494a51-0217-4306-9821-1954feef566f,2025-04-16,1165.9300,1170.3800,1172.8300,2025-09-07 00:46:37.971222+00
7a4bd8df-6527-4ddf-b7a3-4eaf97d15944,2023-03-28,383.3500,399.0200,207.8400,2025-09-07 00:46:37.114374+00
7ab469ae-277a-4a2a-acbb-519ca1a3c69d,2025-12-15,1492.0100,1531.7300,1439.8300,2025-12-15 10:21:21.717093+00
7af8f09b-668a-4231-8884-86c4e78e6363,2024-07-05,1396.2400,1397.8200,918.2500,2025-09-07 00:46:37.616526+00
7b1aff31-c454-4a1a-942f-24c467e7f7f1,2024-01-31,1180.0500,1183.0400,826.2500,2025-09-07 00:46:37.446469+00
7b61af7e-cb47-462e-92b9-273a8991c10c,2024-02-21,1072.5700,1125.5700,837.8500,2025-09-07 00:46:37.477731+00
7b80beaa-0c35-4c66-bfd0-29a297c3087f,2023-12-15,1005.6500,986.5100,801.0800,2025-09-07 00:46:37.41002+00
7bf7d6f0-4956-4959-bead-97c66b2de17d,2024-06-06,1272.0100,1298.9900,898.5000,2025-09-07 00:46:37.608282+00
7c5b8bd0-d1d0-4de3-9b08-4936959f2b48,2025-05-27,1161.3000,1163.3500,1148.0000,2025-09-07 00:46:37.991166+00
7cdaad32-0a23-4f29-ac28-a137d83742fb,2026-01-31,1460.3200,1501.7000,1447.0000,2026-01-31 22:37:07+00
7d5f47bb-f0f6-4d42-8cd8-0d8d286d0c59,2025-01-15,1164.0500,1184.0100,1041.7500,2025-09-07 00:46:37.880438+00
7dd3c50f-d592-4a87-b128-7d8f7d1f4c80,2023-01-02,335.0400,,178.1400,2025-09-07 00:46:38.130251+00
7defc699-b41b-4814-b645-5162fe310a97,2024-12-17,1145.2600,1146.6800,1021.8300,2025-09-07 00:46:37.823259+00
7e270704-4a33-476a-a949-0b94ca83f4ce,2023-12-07,1001.3200,1019.1500,364.4100,2025-09-07 00:46:37.397665+00
7ea88e3d-4a78-43b0-a1a3-1e4410577fe2,2025-09-25,1380.1300,1398.9200,1325.0800,2025-09-25 11:56:04.585659+00
7ebdbb1d-1725-4530-8a0a-0af55262fc9b,2024-01-19,1252.6700,1300.6700,819.7500,2025-09-07 00:46:37.414634+00
7eda72b2-ce06-4c18-b2b6-893a48b81b9d,2025-05-14,1137.9300,1155.3900,1129.8300,2025-09-07 00:46:37.979495+00
7edf5dc9-5d45-486f-bdfc-4783dd1ec90e,2023-07-06,484.9400,512.0400,260.3300,2025-09-07 00:46:37.225195+00
7f099742-f7f8-4f85-82b0-b53c227b9e87,2025-05-23,1143.3200,1160.6300,1137.0000,2025-09-07 00:46:37.997949+00
7fbf2f4f-faa6-488d-8138-c881f96873b3,2024-03-13,1011.9900,1054.1200,849.7500,2025-09-07 00:46:37.50248+00
7fee3d6e-e506-4956-99e6-5bce6148af26,2024-07-17,1300.0000,1305.0900,923.8300,2025-09-07 00:46:37.653923+00
7feeae72-5006-439b-8d26-fe7ffd45d258,2023-07-18,489.9000,527.8100,267.5800,2025-09-07 00:46:37.234107+00
80820702-c5fc-44dc-aff3-984f50897f86,2023-10-04,747.4600,783.6300,350.0300,2025-09-07 00:46:37.323054+00
808b2f8c-dd87-4d1d-bc32-f42565e9fe48,2023-01-13,343.5600,,181.2800,2025-09-07 00:46:37.063312+00
8136db19-be3d-4d52-bed9-cd8d07961a6d,2024-01-23,1230.4800,1286.2700,821.9500,2025-09-07 00:46:37.435703+00
817c96a7-be77-47d6-b7aa-a5a8c5b3082f,2025-06-27,1197.5400,1201.5400,1189.8300,2025-09-07 00:46:38.050659+00
81840b62-b8f7-46d1-a26f-1ff126d600f8,2025-06-24,1184.4900,1186.2100,1176.0000,2025-09-07 00:46:38.04569+00
81be3b84-aec2-4fc9-8870-57989b2515d8,2024-11-11,1131.2300,1160.0400,997.7500,2025-09-07 00:46:37.799725+00
81f36050-bdb9-4900-849a-6c51182b87fd,2024-09-05,1258.8200,1276.8300,954.9200,2025-09-07 00:46:37.702148+00
825e5aee-8ea2-4376-91aa-3dd55a54cf4f,2023-07-27,505.9700,559.8800,273.0000,2025-09-07 00:46:37.243115+00
82f9fd63-5016-4c30-b918-9d35b091ba27,2024-02-09,1162.6200,1228.8900,831.2500,2025-09-07 00:46:37.465161+00
830269b4-98c1-4f83-ac15-8fb2aad24ee0,2025-04-04,1340.4400,1347.4000,1075.8800,2025-09-07 00:46:37.957947+00
83366808-4940-4ad8-a73d-1b51e94dbf55,2024-04-17,1021.1600,1066.3000,869.2500,2025-09-07 00:46:37.542388+00
83519036-26f5-4c00-97ba-34fe4eb0691f,2024-01-17,1222.5800,1258.9500,818.6500,2025-09-07 00:46:37.432043+00
836dee7a-b1bf-45a8-86a2-f56e805d69af,2024-07-30,1267.9800,1264.0500,932.2500,2025-09-07 00:46:37.670943+00
838fd8de-7e4e-4034-90d6-e97aa7f23e1f,2025-08-21,1323.2600,1322.1500,1309.2500,2025-09-04 13:24:45.647957+00
83afe11a-de26-4aa3-a542-07595171a0b1,2024-12-11,1057.7200,1071.8700,1017.7500,2025-09-07 00:46:37.822919+00
83c1547a-a327-4c81-b059-74932805bae7,2024-08-15,1274.2100,1277.0000,942.0000,2025-09-07 00:46:37.676868+00
840f912f-91d9-4a01-83a7-9582f5c4da02,2023-08-01,508.7000,534.8900,276.1400,2025-09-07 00:46:37.23234+00
84b0ab39-2551-4d67-bac3-e572a6ee5da5,2023-03-23,379.7400,,205.7900,2025-09-07 00:46:37.044355+00
84bfaef0-ffaf-4c58-91e5-6b1d8107c920,2024-01-30,1206.5300,1234.9700,825.7500,2025-09-07 00:46:37.457174+00
84dde69f-e7fd-4704-bc50-74489929214a,2025-04-11,1333.3300,1335.4500,1078.3800,2025-09-07 00:46:37.962043+00
84e838eb-aabe-4130-92b6-75e3d255f812,2024-12-20,1142.2000,1154.5300,1025.4200,2025-09-07 00:46:37.834546+00
85cc6e09-08d0-435f-a5e2-36ad9969b54f,2026-02-17,1423.6000,1465.8300,1395.4200,2026-02-16 17:06:22.525665+00
8637111b-3797-4a96-9f94-f40608275126,2025-08-06,1334.8800,1336.4300,1333.6700,2025-09-04 13:24:45.595725+00
864e036a-971a-43ae-84f1-692d89ef9726,2024-04-09,1000.6900,1042.6400,864.7500,2025-09-07 00:46:37.534419+00
86d7228c-edeb-452c-9a8f-78c8696798a3,2025-06-09,1192.1600,1198.6700,1186.4200,2025-09-07 00:46:38.002992+00
8735edbd-58b6-494e-ae78-1f461eabd2e3,2023-10-31,858.9200,857.2000,350.0100,2025-09-07 00:46:37.363811+00
88485259-3574-4997-81e8-b2fdafd70a3a,2024-04-05,1000.8800,1048.0300,862.7500,2025-09-07 00:46:37.543258+00
88864db2-037b-41de-899f-8d55651512da,2025-04-28,1176.5500,1193.2700,1163.1700,2025-09-07 00:46:37.985407+00
888faa43-6174-44e7-9d8f-37dee497a2c1,2024-07-18,1315.2900,1324.9100,924.7500,2025-09-07 00:46:37.64317+00
88b1dafb-6650-4762-b40d-a58dfe766bd4,2023-03-29,385.3200,400.8100,208.2500,2025-09-07 00:46:37.081586+00
88e8ec7a-d003-4d2e-8548-58b11df3c6eb,2023-06-15,474.8800,512.1300,248.5800,2025-09-07 00:46:37.187074+00
894b41cb-052b-4d7c-9644-100e5266ccb9,2023-11-02,876.5700,865.3800,350.0300,2025-09-07 00:46:37.357268+00
894bf44d-05ce-4cd9-824e-fb6d4d981be6,2026-02-02,1450.2300,1492.4300,1451.7000,2026-02-02 10:54:19.152905+00
899b0c3e-2ac8-4c0e-a41c-f9f161c800dc,2025-02-06,1189.0300,1199.4800,1054.8800,2025-09-07 00:46:37.880265+00
89a25975-90ba-4c46-8d72-0dcd7582a929,2024-12-05,1062.1600,1087.0200,1013.8300,2025-09-07 00:46:37.814667+00
89b56f6f-6539-411a-a5c5-1c643669a93d,2024-01-24,1242.4200,1281.2500,822.4500,2025-09-07 00:46:37.482897+00
89e1811c-d8cb-47f0-88b2-f456f0124814,2023-03-21,387.5100,,204.9600,2025-09-07 00:46:37.081449+00
8a35e7b3-803c-4ddf-9bf9-84bcbfa68a34,2025-09-04,1378.3100,1378.3100,1362.3300,2025-09-07 00:46:38.123913+00
8a40904c-3818-4863-a1ef-f321a9e70177,2023-01-10,325.0000,,180.4000,2025-09-07 00:46:37.035938+00
8abde85e-837f-4f83-81fe-9b1680467019,2023-12-13,1040.6000,1023.1700,799.9800,2025-09-07 00:46:37.405155+00
8aca8257-a3e0-4c22-bb65-206826c1ec55,2026-01-14,1481.7400,1522.0700,1454.3200,2026-01-14 11:53:56.663824+00
8b452537-b7ac-4d35-8ace-a1e524d06dae,2024-09-27,1208.2700,1230.5000,970.5800,2025-09-07 00:46:37.734132+00
8bccd3b4-1065-42c1-8f8d-811f76710c6d,2023-02-06,357.2500,,189.1000,2025-09-07 00:46:37.126714+00
8c58d242-69e7-440c-a436-b94ca205d41f,2023-08-25,663.8800,698.9400,349.9800,2025-09-07 00:46:37.270439+00
8ca59875-bcd4-463a-a723-78b0c60e57fe,2024-10-22,1161.9700,1190.0900,984.8300,2025-09-07 00:46:37.7691+00
8caab6cb-278b-4dce-a639-b11b8dfb5163,2024-10-03,1191.7400,1230.7600,972.7500,2025-09-07 00:46:37.739753+00
8d11e447-e574-436d-bae0-5e4d56b9ad47,2026-01-09,1489.4200,1528.4800,1466.4700,2026-01-09 14:00:06.567992+00
8d53a1d3-aeb7-4238-879f-1d7a9076cb4d,2024-09-19,1197.7400,1218.7800,963.7500,2025-09-07 00:46:37.738192+00
8e58ea89-9a3d-4487-9782-510c44c6c5c6,2025-08-12,1323.4600,1324.5500,1321.5000,2025-09-04 13:24:45.591555+00
8e8729ad-d2a7-4d21-bf5c-82aa706f3d2e,2024-10-25,1141.8100,1159.4700,988.3300,2025-09-07 00:46:37.795171+00
8f21f3cf-badf-4202-a17b-13d7048a4255,2023-05-23,466.2000,504.6200,234.9200,2025-09-07 00:46:37.100017+00
8f61b8f4-542e-4493-9b57-6b9e081981cf,2025-04-21,1122.0800,1135.2700,1070.4200,2025-09-07 00:46:37.967131+00
8fd5a24b-29f5-4615-9d8f-9b271c15d70e,2025-12-05,1474.5400,1508.9200,1438.5800,2025-12-05 11:43:18.350391+00
903bc2c5-a296-41a5-926d-4538bb3c7f06,2025-02-13,1187.8900,1198.1200,1057.4600,2025-09-07 00:46:37.872213+00
904758e0-e43c-4c8f-8227-e482132d05be,2025-05-07,1156.0700,1167.6600,1153.5000,2025-09-07 00:46:37.995937+00
90c4ec84-80b0-46a2-846b-2ba7a83e794a,2023-03-06,360.6500,384.8000,199.3500,2025-09-07 00:46:37.137338+00
912d7a3d-ca92-4cca-8aa1-08c6bca0e551,2023-08-30,669.8300,698.4500,349.9800,2025-09-07 00:46:37.284245+00
91603b91-d471-47fb-93bd-6c03409661a2,2024-04-10,999.6400,1044.9100,865.2500,2025-09-07 00:46:37.531324+00
916b1eb4-5b5a-4517-bec1-60b0c52431be,2024-02-26,1046.3200,1093.9300,840.6500,2025-09-07 00:46:37.49452+00
919a6654-3c03-44dc-a125-7f170f157226,2026-01-02,1506.2100,1541.7600,1469.6100,2026-01-02 13:32:11.490588+00
921b47a5-0ba1-4d72-92b3-5ac8d7d5d731,2023-08-03,514.0000,544.9400,278.2800,2025-09-07 00:46:37.259655+00
923c1cb0-b28f-483b-8333-5f574110c7be,2025-06-05,1192.3800,1202.2200,1189.6700,2025-09-07 00:46:38.005056+00
9255d62c-f271-4a3c-aa98-ebe461011f25,2024-08-26,1288.2500,1292.0800,949.0800,2025-09-07 00:46:37.696841+00
935326bc-ddf1-4f88-9074-139b0e032399,2024-11-20,1074.8600,1111.9400,1003.7500,2025-09-07 00:46:37.796056+00
939d30f8-cf67-4a82-81e2-c4441e4f2f93,2024-03-01,1053.2300,1080.0000,842.7500,2025-09-07 00:46:37.48991+00
93a4e9f1-ad18-4893-8cb2-6e121db90310,2024-08-16,1295.3000,1291.9300,944.0000,2025-09-07 00:46:37.674975+00
93df8b3a-2209-41f2-afcd-aea92c187e57,2023-04-28,436.9400,449.3600,222.5800,2025-09-07 00:46:37.088797+00
9434270b-6af1-432b-b651-61c636c8b4f7,2025-08-23,1329.0800,,,2025-08-23 14:27:01.548869+00
9449c8c4-0359-46ef-b093-355034c8faca,2026-02-01,1460.3200,1501.7000,1447.0000,2026-02-01 12:36:01+00
94aecae4-b0bf-4079-960e-44e8b689f982,2024-08-28,1282.4400,1296.0600,950.0800,2025-09-07 00:46:37.706599+00
94bafcfa-48cc-44de-ad57-a44e8245c8ed,2024-10-18,1159.0500,1187.1400,983.8300,2025-09-07 00:46:37.759519+00
952893c1-7ffa-43cc-a8bd-c0c716bf8226,2025-10-14,1454.9900,1463.1600,1359.8300,2025-10-14 12:15:49.579005+00
955fc7f2-f157-4b15-b483-56d561995bc7,2025-11-20,1452.7600,1489.7800,1416.6700,2025-11-20 11:25:14.786189+00
95955ff9-f35b-45fd-ad3e-11dde96dfaea,2025-11-05,1478.7400,1496.5200,1447.5000,2025-11-05 11:44:03.419485+00
95ff3ce6-dfcd-4b07-b158-d1531ef88310,2025-11-11,1455.4300,1477.2200,1416.5000,2025-11-11 11:01:48.513359+00
960e5b19-1fa2-4f42-9afd-ccbb7e5c1e8d,2025-05-15,1146.3600,1162.9500,1135.5000,2025-09-07 00:46:37.996824+00
96642ca3-bc4d-4eb9-a8c4-88092e0551b4,2025-07-25,1285.9800,1294.1900,1277.7500,2025-09-07 00:46:38.093054+00
9699499f-957f-4baf-91fc-cbcda8223dab,2025-09-03,1370.1400,1370.8600,1360.1700,2025-09-07 00:46:38.132338+00
96b1de74-c2ab-4a4d-ad1b-a9589260a3ec,2026-02-11,1431.6800,1473.4700,1403.7000,2026-02-11 11:38:29.071112+00
96b64fc6-724a-4b11-bfe2-0b22cda850c9,2023-05-10,432.4200,443.8000,228.5100,2025-09-07 00:46:37.099387+00
974ca0f1-2faa-473b-87f3-7aade2d9a2b5,2023-02-27,354.7700,,196.8100,2025-09-07 00:46:37.009934+00
9775e67d-923f-4e94-a999-40423fca47fc,2024-08-22,1283.2300,1290.5300,946.2500,2025-09-07 00:46:37.697072+00
9857e19e-3977-4805-a97c-9f56b9881c32,2023-01-27,357.0500,,185.6300,2025-09-07 00:46:37.03918+00
987071ef-e8c5-4f76-8006-aaa53148041a,2023-07-04,483.5600,504.1900,259.1500,2025-09-07 00:46:37.216648+00
98889108-4064-42b2-9c6a-20a9e3f7de1d,2023-03-10,380.4800,,200.7200,2025-09-07 00:46:37.145776+00
98a72287-aa1d-4cad-bbcb-583008680275,2026-01-26,1468.9300,1515.9100,1438.4600,2026-01-26 11:49:58.732295+00
98b44ff9-3be9-4355-9a09-38900a07edde,2024-07-01,1413.0100,1413.0100,914.5000,2025-09-07 00:46:37.61914+00
990aa637-57bb-45c1-a4a5-afce7a1b8e84,2024-08-29,1271.3300,1290.7500,950.6700,2025-09-07 00:46:37.696697+00
990ce5da-d565-48b3-8fb1-fe5a48f2ad0b,2025-10-29,1475.2100,1484.1400,1451.5000,2025-10-29 11:28:11.643779+00
991d617a-3d35-40de-85fd-d3a0edcbe830,2023-12-22,947.2900,937.7900,804.7800,2025-09-07 00:46:37.410315+00
9978176c-84e4-4465-b2d0-f05372f12765,2026-02-20,1402.0800,1448.5800,1384.2100,2026-02-20 12:10:29.107552+00
99b5a4f5-3bef-439b-8d0b-c3b40810dbfa,2025-06-06,1192.4000,1198.0700,1190.0000,2025-09-07 00:46:38.030619+00
9a286cb1-0898-4afe-bcc4-a85edee8d6db,2023-06-26,478.8400,506.3700,254.5400,2025-09-07 00:46:37.208061+00
9a316fe2-9139-4ed5-8b29-407caba5c06a,2024-10-10,1134.8400,1171.7900,979.4200,2025-09-07 00:46:37.750339+00
9abba414-2014-4d8c-a3b8-fd838300aa84,2024-06-05,1283.0900,1309.1000,898.2500,2025-09-07 00:46:37.60889+00
9ac2a0c1-d9ab-458b-ba0d-03e178fb2631,2025-03-27,1292.2900,1296.5000,1072.2900,2025-09-07 00:46:37.941438+00
9ad962cd-26be-4a77-935e-8c380f63ae1b,2024-06-25,1308.9900,1313.9700,909.6700,2025-09-07 00:46:37.617312+00
9af97221-e915-4178-abd8-f4852412b78f,2023-04-11,387.3600,407.3300,213.8000,2025-09-07 00:46:37.025074+00
9b1111d1-704a-472e-a187-cfaba4f0d1b2,2023-04-10,391.8900,408.1400,213.3300,2025-09-07 00:46:37.022618+00
9b2eaedc-9d1e-43a2-afaf-1e605511b52a,2024-11-14,1105.7500,1145.8100,999.7500,2025-09-07 00:46:37.800307+00
9bc98d34-a6b2-4f1c-bcc2-53ecbfe62014,2025-11-18,1440.5100,1472.2700,1388.0000,2025-11-18 14:00:06.665543+00
9bec7279-1530-4151-b88a-e31b154d81b0,2025-02-12,1186.3500,1192.4100,1056.8800,2025-09-07 00:46:37.90896+00
9bf4affd-caa9-4e02-8f48-df4db8c45ac9,2025-11-03,1500.4700,1516.8000,1457.4200,2025-11-03 11:28:05.766049+00
9bfb688e-7869-480e-937d-68040150704a,2024-07-26,1323.1700,1326.7700,931.5800,2025-09-07 00:46:37.654993+00
9c73b71e-b222-4d24-8817-663ebb43bc29,2024-02-16,1072.9300,1087.6400,835.0500,2025-09-07 00:46:37.482395+00
9cecfa58-fb97-49bd-b4ea-5f0f999379d4,2025-08-22,1331.1500,1330.7000,1321.5800,2025-09-04 13:24:45.585827+00
9d198bdc-d2d6-4586-9842-09a2c5bd4f8c,2023-07-28,508.7200,552.9000,273.6300,2025-09-07 00:46:37.230355+00
9d462ab6-2fb6-4a44-baa1-c93e682dbff8,2024-02-05,1220.9600,1282.7800,829.0500,2025-09-07 00:46:37.437802+00
9dfd0f69-de86-4fb9-ac7c-9747a0323638,2023-09-01,669.2800,704.7600,350.0000,2025-09-07 00:46:37.280734+00
9e4c3aaa-0a4d-4d9d-882b-0e2b63b9ff88,2023-01-04,334.8800,392.9000,178.6500,2025-09-07 00:46:37.000725+00
9eaddd67-c005-4c23-b92f-10758a7de8b6,2025-12-25,1481.6300,1525.3800,1450.9200,2025-12-26 11:12:56.807151+00
9ef2e49b-16aa-4f75-8782-ea3d34e4d96d,2024-12-12,1058.2100,1075.7900,1018.7500,2025-09-07 00:46:37.814445+00
9f14f88f-765e-4578-b29b-a65550b45b00,2026-02-14,1423.6000,1465.8300,1395.4200,2026-02-14 16:42:14.758184+00
9fbb3449-e50c-4fa7-9124-6f0a4278f134,2025-09-11,1451.1200,1452.7400,1427.5800,2025-09-11 13:01:35.89031+00
9fbc5964-5780-4f1c-9a18-2c34900d7bef,2024-08-07,1331.9400,1329.1800,937.0800,2025-09-07 00:46:37.664389+00
a0348716-eda6-49e0-a89e-013d5cb80bb3,2023-01-25,354.6500,382.7400,185.0100,2025-09-07 00:46:37.027029+00
a0515e66-d7e0-439b-bac6-bf57fba890b7,2023-11-01,872.6700,884.9400,349.9900,2025-09-07 00:46:37.339547+00
a065ed4a-135b-4234-8468-6166b6f3f63e,2023-05-17,447.9900,463.5900,231.6500,2025-09-07 00:46:37.151032+00
a0a13807-e97c-481e-919b-ac386417dfe1,2024-06-14,1244.6400,1264.5800,902.6700,2025-09-07 00:46:37.610161+00
a0e3c8f1-209e-462a-a3e6-fb95b5be17ad,2023-03-07,367.1000,378.2800,199.6700,2025-09-07 00:46:37.117412+00
a100be64-0322-4f7b-bb49-0d606b556e97,2024-07-29,1296.5700,1292.5300,931.7500,2025-09-07 00:46:37.639+00
a16a8bad-79b6-4932-969a-c0d94f7b7e8a,2025-07-17,1280.9600,1284.0100,1266.2500,2025-09-07 00:46:38.060499+00
a174cc35-c58a-42b8-8b48-737947272784,2024-03-27,1016.0900,1084.9000,857.4200,2025-09-07 00:46:37.538253+00
a1933d4d-8d0e-4b49-9c9d-57c6193de580,2025-07-01,1232.8300,1234.9900,1203.0000,2025-09-07 00:46:38.075208+00
a1b2ffe7-2c36-4ff8-9aa0-c30c781735aa,2023-03-13,379.8700,,201.8000,2025-09-07 00:46:37.111017+00
a1b462fd-a175-4301-9670-e1163444b30a,2023-03-01,360.4400,,197.5600,2025-09-07 00:46:37.035399+00
a1fae8a1-d4c3-405f-b744-b289ca836bdb,2025-04-07,1372.3400,1366.9100,1076.3300,2025-09-07 00:46:37.951581+00
a1fce784-4352-43e1-982c-1435a1e5e39c,2023-06-07,472.7200,502.4500,243.8100,2025-09-07 00:46:37.196043+00
a24b2251-9e8c-45ed-8a4f-2afabb9e9d76,2025-06-04,1193.2200,1199.7600,1184.3300,2025-09-07 00:46:37.995374+00
a2a2d780-ad90-49fc-b9df-5fb0c7d6fac5,2024-12-26,1170.8900,1187.0600,1029.0000,2025-09-07 00:46:37.83562+00
a30865ed-18e2-484b-a07d-94d0e533b326,2023-01-06,331.2500,,179.2400,2025-09-07 00:46:37.039184+00
a436d6e8-dd5f-425e-ae9d-62dcd09c7d74,2024-11-13,1121.1100,1156.9400,999.2500,2025-09-07 00:46:37.800685+00
a4625e3c-1840-4cab-bb9b-a47ce1cc44e7,2024-08-30,1279.9600,1297.8600,952.8300,2025-09-07 00:46:37.710633+00
a48523ff-7039-4735-9450-744c6ff2d482,2025-03-20,1287.5900,1287.3900,1069.8300,2025-09-07 00:46:37.947221+00
a49e7dd7-74b1-42c5-b005-17dc13ff397e,2024-04-23,1006.7100,1053.9400,872.7500,2025-09-07 00:46:37.553903+00
a4bfdd1c-2338-4926-ad25-004f96cde320,2023-05-19,466.2000,484.8700,232.7400,2025-09-07 00:46:37.149195+00
a508b16b-9640-42f7-aaa9-ced244f4233b,2024-02-28,1031.2500,1074.4200,841.7500,2025-09-07 00:46:37.50423+00
a519efd9-95ec-4d23-b720-a68d728d2a7c,2025-02-17,1210.0900,1219.3000,1059.0800,2025-09-07 00:46:37.887095+00
a6581839-b1b3-4a1e-926f-4a4474f4e7df,2024-06-11,1273.9000,1304.4100,902.1700,2025-09-07 00:46:37.595819+00
a71a6824-4c03-4232-be52-bf123435fe53,2023-10-17,885.1200,910.0100,350.0200,2025-09-07 00:46:37.309047+00
a74224a0-f437-44d4-8c91-21615cef3e49,2023-10-03,720.8100,753.9200,350.0300,2025-09-07 00:46:37.306069+00
a79ce15e-0b27-4fcd-8093-d484134474a0,2025-12-30,1480.7400,1521.3100,1459.4200,2025-12-30 13:58:27.006911+00
a7b66727-fb46-4c39-942c-befa42c65981,2024-08-19,1290.1000,1288.5600,944.3300,2025-09-07 00:46:37.68212+00
a88d3b3f-dfd7-46cd-b97f-02a6a2954ded,2025-11-17,1448.9300,1484.6100,1401.0000,2025-11-17 14:00:06.844038+00
a89adaf3-b933-4171-acf6-73343175b531,2023-01-19,345.6500,,183.1300,2025-09-07 00:46:37.036293+00
a8ac81c7-d77d-4313-9e33-de0c65c45007,2024-02-19,1111.1100,1165.5200,836.7500,2025-09-07 00:46:37.471187+00
a942d070-11f0-4f4a-8c53-9f6b8e44265c,2024-05-24,1205.7300,1231.9800,890.7500,2025-09-07 00:46:37.622125+00
a9563769-42fa-4ac1-9246-af617e3302db,2024-11-08,1130.2000,1157.8700,997.2500,2025-09-07 00:46:37.775483+00
a96e2da6-f6d1-4b62-bd00-1113432844bb,2024-03-07,996.6300,1026.0400,846.2500,2025-09-07 00:46:37.498708+00
aaaf0d66-511f-40a8-9641-c27e7e53755a,2026-02-06,1447.9900,1497.5400,1430.5900,2026-02-06 11:11:54.576497+00
aacb03b1-12a7-4b96-b2fe-0b251bce2fdd,2023-03-02,362.0500,367.2800,197.8900,2025-09-07 00:46:37.046555+00
ab7f3a18-ab89-4bc9-acba-a05a7c5612f0,2024-07-22,1331.2800,1335.3900,927.0800,2025-09-07 00:46:37.635441+00
ab9401b5-b27b-4759-92dd-806d2357c4d9,2023-04-20,422.9300,437.4000,218.0300,2025-09-07 00:46:37.03612+00
aba59b49-9b43-4606-98d2-d01dc4493df1,2023-03-20,387.9500,,204.5000,2025-09-07 00:46:37.006065+00
abc653cc-3d75-4c2b-96bf-61245090132b,2024-08-14,1268.8100,1267.5400,941.6700,2025-09-07 00:46:37.675575+00
ac07498b-1ef3-41e9-a75f-627285051c76,2024-03-06,981.2100,1027.3200,845.7500,2025-09-07 00:46:37.485737+00
ac1e2001-f9cf-4f7b-a8f2-3a88a2f617af,2024-03-08,1000.4300,1033.5900,846.7500,2025-09-07 00:46:37.482554+00
ac285e7f-c6ec-4848-9792-8e9d35bc7be9,2023-03-31,398.0500,413.2400,208.9900,2025-09-07 00:46:37.140373+00
ac448c58-3293-46f6-94d2-112ea6d10d4e,2024-02-02,1240.6600,1301.7100,827.3500,2025-09-07 00:46:37.452791+00
aca6f024-001e-4835-bf32-63dbb943135a,2025-10-16,1473.5200,1505.3600,1387.1700,2025-10-16 11:30:48.633946+00
acbd3158-11b1-4f67-bfd1-5dc4cc2def49,2025-07-10,1267.8700,1270.8100,1261.1700,2025-09-07 00:46:38.093296+00
ad01c082-d25f-4289-835a-bd9bdf95c14f,2025-09-24,1369.4700,1391.0100,1343.3300,2025-09-24 10:19:54.434043+00
ad43b9cd-5091-4646-9cc4-d60c75b972a0,2023-02-15,355.7700,,192.3800,2025-09-07 00:46:37.027265+00
ade74a14-855d-41ac-91c2-fc28ebcb636c,2024-01-04,1044.5900,1072.9000,811.7500,2025-09-07 00:46:37.403295+00
adeccca8-db7b-4258-ad60-ea35463127ee,2025-07-14,1295.8400,1298.8900,1266.1700,2025-09-07 00:46:38.05446+00
ae1916ae-e802-4236-9578-ddf7d7bcc6ed,2025-01-07,1165.6900,1183.6900,1036.2500,2025-09-07 00:46:37.839832+00
ae23f1df-5037-48f0-9484-8ed8293189d0,2023-07-11,485.8000,512.2700,263.3200,2025-09-07 00:46:37.221209+00
ae5b6a59-5a56-4243-9d50-90696690f3a8,2024-05-20,1106.2200,1138.0300,888.7500,2025-09-07 00:46:37.585955+00
aea53d74-42e2-4150-916e-869b8fa623cc,2023-04-27,441.6100,447.9900,222.0200,2025-09-07 00:46:37.191129+00
aeab2fb3-3aab-41cf-9a5f-9943abb21886,2023-02-23,357.2400,,195.3500,2025-09-07 00:46:37.14834+00
aec48d1d-d885-42be-a08c-90974109ce98,2025-01-31,1164.7900,1178.0800,1053.5000,2025-09-07 00:46:37.9149+00
aee66b5b-c592-4fd7-84b1-026e6348a0ec,2024-02-08,1194.1000,1252.5800,830.6500,2025-09-07 00:46:37.44474+00
aee6c5fc-b9bd-4559-87b9-752388dff20d,2024-12-06,1049.3300,1071.5800,1015.7500,2025-09-07 00:46:37.822581+00
aef6da10-892a-4c78-86f8-0f248e31d514,2024-08-05,1347.3700,1341.0600,935.7500,2025-09-07 00:46:37.667498+00
af6f25c4-12d5-4a73-9f6f-6011ac814bb0,2025-09-15,1488.0600,1496.1100,1462.0000,2025-09-15 11:04:34.187135+00
af781673-ee57-4a06-b094-445a0b699f8b,2023-11-28,861.4000,862.6900,359.5300,2025-09-07 00:46:37.461651+00
afc82688-8e17-4d34-b723-c121a00d660e,2023-12-27,930.8100,902.5300,807.4300,2025-09-07 00:46:37.412401+00
b099b486-d2d7-4e4a-b52c-8652ed855e7f,2023-05-30,462.6200,514.2900,238.7900,2025-09-07 00:46:37.076735+00
b0c28d96-4db0-4f72-8004-0a8f76de1ad1,2026-01-16,1472.1500,1518.6600,1431.0600,2026-01-16 11:39:20.296337+00
b0d4fc05-c4e1-46f7-9c15-a99a9c51dabe,2023-01-09,327.9500,,180.1400,2025-09-07 00:46:37.04624+00
b13b398d-1815-4bc1-9a94-4cd5cf23d394,2026-01-28,1462.3500,1508.6300,1442.7000,2026-01-28 09:51:25.814927+00
b176a48a-8fda-442c-8b60-0fe386ec1ac4,2023-03-17,388.2800,,203.3400,2025-09-07 00:46:37.097124+00
b17b1eed-402c-4888-8f16-a5360aa2ee78,2025-01-17,1165.8400,1185.8700,1044.5000,2025-09-07 00:46:37.869845+00
b1f74e94-112f-4a4f-bfb8-c20b04cc11f3,2024-06-03,1269.9100,1300.7300,896.4200,2025-09-07 00:46:37.588128+00
b1fe54de-e9f4-48fe-9022-b8e4c3fce91f,2024-06-12,1278.9400,1298.7400,902.2500,2025-09-07 00:46:37.614029+00
b2745ced-2997-4d0f-b35d-c2630a945134,2025-02-05,1191.9400,1199.3200,1054.7100,2025-09-07 00:46:37.864729+00
b2b65406-1a4f-4676-b7a7-859bc17b65e7,2024-04-12,1005.4600,1047.6400,866.7500,2025-09-07 00:46:37.550807+00
b2e28d6b-e04e-4cd0-bbfe-fa1be52dd59e,2025-12-17,1514.1400,1556.0500,1448.5800,2025-12-17 11:42:17.404803+00
b33b172b-f5a7-4515-bc99-3c9bbbf82b3c,2024-06-04,1280.8000,1311.3500,896.9200,2025-09-07 00:46:37.637856+00
b39a16c9-babc-4d4f-b5f0-4a45f623ff6a,2023-07-31,509.0200,553.0400,275.2800,2025-09-07 00:46:37.24512+00
b3a8e75b-f1bc-4a59-b698-ab75d6e619c7,2025-05-28,1164.8000,1176.6100,1161.0000,2025-09-07 00:46:38.007142+00
b3dcf735-fd4b-4482-b202-5aa3c41db099,2024-10-24,1158.8400,1180.3400,986.3300,2025-09-07 00:46:37.787514+00
b40829da-306e-4a3a-b314-c0e015de466c,2023-09-19,679.8200,695.2300,349.9800,2025-09-07 00:46:37.302748+00
b414f558-bb5f-4bbb-b22c-d87a1c507a1a,2026-02-18,1415.6900,1453.7100,1401.8100,2026-02-18 11:01:16.201351+00
b41f5a7d-9ff8-4cbb-8206-73b26e2ef2df,2024-05-27,1228.1800,1252.5500,892.7500,2025-09-07 00:46:37.585114+00
b43b11da-cc69-48f6-93c2-98862cb72428,2024-04-29,1037.7700,1094.1100,876.4200,2025-09-07 00:46:37.562814+00
b44336e9-cf79-4866-b465-f4865d39872c,2024-02-14,1119.3200,1165.7300,833.9500,2025-09-07 00:46:37.459076+00
b47d1534-9a92-48d1-b449-0ad720e1f71a,2025-04-09,1341.7200,1333.0600,1077.1300,2025-09-07 00:46:37.970271+00
b4b6be28-bcd6-42e4-ae87-3db5f1c6b9df,2025-01-22,1172.6700,1187.4200,1047.2500,2025-09-07 00:46:37.889246+00
b4e08297-ed68-4921-bf2e-cad81e69d10b,2025-07-30,1322.3600,1322.8000,1294.1700,2025-09-07 00:46:38.09014+00
b4f85b63-7aa6-436e-a217-424d50efaeb9,2023-07-05,483.5900,500.5700,259.8000,2025-09-07 00:46:37.211091+00
b5138183-3ff8-4f5e-9f7e-97ce9cf21a38,2025-07-11,1269.1000,1270.3700,1261.5800,2025-09-07 00:46:38.054248+00
b5645375-4867-4803-9f83-f2f84cf351c6,2025-02-27,1215.2900,1219.4700,1062.3800,2025-09-07 00:46:37.909224+00
b57244f4-b58a-434f-8d4e-c633d1e5ba1c,2023-05-15,438.0500,444.9400,230.6400,2025-09-07 00:46:37.070268+00
b63b5f29-87e9-4823-8627-7d6b2588183f,2024-05-06,1064.4700,1111.3700,880.2500,2025-09-07 00:46:37.568789+00
b6859fd9-921c-4fa8-b97e-c4079ac24226,2023-01-30,358.9300,,186.5800,2025-09-07 00:46:36.996436+00
b68a7dd2-bba2-465e-abbf-806b97673ae5,2025-01-10,1164.0100,1185.1300,1039.7500,2025-09-07 00:46:37.831075+00
b775b238-ced0-4b80-b9f7-70938dbe0530,2023-03-16,387.4800,,202.9600,2025-09-07 00:46:37.169645+00
b7fb2e0b-41fc-4d21-a5fa-94ca36aaea97,2026-01-06,1498.0600,1537.4700,1467.6200,2026-01-06 10:26:38.713968+00
b87bf6a9-66ea-40f4-b7c2-2a6a66572bab,2025-03-10,1233.9300,1234.4900,1066.3300,2025-09-07 00:46:37.923761+00
b8f6258f-cf01-45be-a246-d2ea7dde971e,2023-10-26,859.5300,866.3100,350.0100,2025-09-07 00:46:37.342765+00
b903c007-a641-4a48-9ad7-8b70fbae57d4,2024-08-21,1291.7500,1292.0100,945.3300,2025-09-07 00:46:37.68599+00
b92420e2-59d9-4661-a92b-cfed2d3a7c68,2024-05-22,1230.6000,1255.5800,889.7500,2025-09-07 00:46:37.58863+00
b94dcd55-34d2-47ca-8eeb-55e9feb66a6e,2026-02-15,1423.6000,1465.8300,1395.4200,2026-02-14 16:43:49.420844+00
b95538b2-77a3-4a8b-b959-d6746c1d1270,2025-03-06,1237.8600,1236.7300,1064.6300,2025-09-07 00:46:37.918842+00
b96b5c34-79cd-4ad6-b75c-10feb277fd63,2023-06-16,476.8900,514.6800,249.1600,2025-09-07 00:46:37.197334+00
ba5ab89a-ca2e-4ede-8cda-51730c0e60dd,2025-03-28,1302.4400,1303.4600,1073.3800,2025-09-07 00:46:37.961638+00
bac2eb4f-2eb3-40bb-afe4-10cba3126d5a,2023-10-09,839.1400,859.3000,350.0300,2025-09-07 00:46:37.340402+00
bb70c1fb-d64e-488a-81c0-58937f144855,2023-10-12,870.2500,895.9700,350.0300,2025-09-07 00:46:37.324368+00
bc5b6005-65fb-47d6-a20a-692a822d1d4d,2024-08-12,1284.3500,1284.0900,939.8300,2025-09-07 00:46:37.721879+00
bd9d51ad-8516-4ef6-84b7-bc64b0fae198,2024-05-21,1170.2800,1200.2100,889.2500,2025-09-07 00:46:37.594091+00
bdeed96b-a850-4aba-8e7f-b5500adc6cc4,2024-02-20,1086.7300,1142.7900,837.2500,2025-09-07 00:46:37.475913+00
be5639b6-2de2-4c7d-9ee8-cbe3b4168dd7,2025-02-04,1188.0000,1194.7700,1054.2500,2025-09-07 00:46:37.894275+00
be5b4a4b-d890-426d-aef9-0f1c0ed5d480,2026-02-13,1423.6000,1465.8300,1395.4200,2026-02-13 10:42:18.127548+00
bf8a6822-9d0e-43a6-a7c6-0ee2f7e2cac7,2024-05-10,1035.9100,1078.5300,882.7500,2025-09-07 00:46:37.576307+00
bfc250f4-38c6-43fc-adcd-526201549984,2023-07-03,483.6700,487.0600,257.9800,2025-09-07 00:46:37.215783+00
c037f5fc-d5cf-4294-a775-0f7eeaecc8d9,2023-11-08,845.2800,854.9600,350.0300,2025-09-07 00:46:37.378644+00
c0719f74-f3a8-4321-8947-ed7428a0eedc,2023-05-05,432.7300,454.2500,226.1900,2025-09-07 00:46:37.035129+00
c0a8b102-d350-4673-aac4-128d86e2f959,2023-01-16,347.3600,,182.1600,2025-09-07 00:46:37.051626+00
c0b56bca-e72f-4f84-94a1-d6d67262d6e9,2024-04-16,1031.6300,1077.1200,868.7500,2025-09-07 00:46:37.561498+00
c101d9c9-64fd-46e8-a5d9-14a9bd2952c2,2025-04-25,1184.2400,1193.5900,1174.1700,2025-09-07 00:46:37.982183+00
c10334a7-8c55-4114-82e5-77ca372826d7,2023-06-29,482.6500,496.6800,256.2400,2025-09-07 00:46:37.21354+00
c10e0ceb-dfca-447b-a026-68ab88c31624,2024-09-16,1217.5300,1244.4700,962.0800,2025-09-07 00:46:37.742519+00
c26e22d0-bf90-4100-b937-f8754e8c8c47,2023-08-28,666.8600,699.5200,349.9900,2025-09-07 00:46:37.267115+00
c2e1eaf0-a15e-46dc-aad5-4580bb297624,2025-04-23,1168.0000,1184.1400,1122.5000,2025-09-07 00:46:37.978231+00
c38981d0-4e36-422f-848b-06d9ee6d1552,2025-04-30,1183.3700,1200.3000,1172.0000,2025-09-07 00:46:37.981047+00
c3b18a98-c3e2-4a5e-ae8f-e20223a05d55,2025-04-22,1140.3800,1155.9500,1093.3300,2025-09-07 00:46:37.96027+00
c5e45361-b0c3-4a4c-a724-157c09c16dfe,2024-01-26,1192.2600,1201.5600,823.5500,2025-09-07 00:46:37.428142+00
c5f4fcb2-9f5c-436a-bfa7-cc2415fc07c9,2024-03-20,1042.4300,1100.3000,853.2500,2025-09-07 00:46:37.504551+00
c6087327-daa9-43c9-acbc-c26164ffea14,2023-07-26,503.8500,551.6300,272.4000,2025-09-07 00:46:37.236276+00
c67266f8-c2b8-4ec3-bbbf-6307ca87129b,2023-01-12,340.6900,,180.9700,2025-09-07 00:46:37.101429+00
c733942b-618f-4b85-88a4-300a4624b39f,2026-01-22,1458.8100,1506.3800,1427.0300,2026-01-22 11:03:41.513924+00
c73670cf-6d8f-4e00-9b5a-549b6845bd2c,2024-08-09,1298.0700,1296.2100,939.6700,2025-09-07 00:46:37.662464+00
c739d173-6528-4255-883f-b7f66cfc144f,2025-11-10,1455.8900,1475.9200,1419.3300,2025-11-10 11:18:37.873528+00
c779bde1-1bc3-45c0-93fa-e18f945b864b,2025-12-04,1470.0000,1509.8500,1449.3300,2025-12-04 12:14:33.17229+00
c780d934-7cc6-41d8-92b9-feed1cadedf5,2025-05-08,1143.3200,1157.5900,1117.5000,2025-09-07 00:46:38.01639+00
c7d922e9-c9f6-435a-9fb8-8519e8e0f1d8,2023-08-18,652.6200,694.9600,350.0200,2025-09-07 00:46:37.26286+00
c8bf9b87-31f0-40c0-8326-3b987dd95288,2024-11-25,1077.5800,1108.0100,1007.2500,2025-09-07 00:46:37.789525+00
c903c996-8a9f-42c8-b9cf-0d5f0e1d27a3,2025-10-24,1549.4400,1569.7900,1485.9200,2025-10-24 11:04:14.274362+00
c9343312-b282-49da-8116-3a4024295ed4,2023-11-10,874.8600,900.1900,350.0000,2025-09-07 00:46:37.392403+00
c9cc7768-98b8-4ae1-9414-bf391d858046,2025-04-15,1237.9000,1242.6300,1200.8300,2025-09-07 00:46:37.965204+00
c9e3d02e-f40b-4aee-9f47-7dd391ca7293,2025-12-02,1477.3500,1521.5700,1453.5800,2025-12-02 11:48:49.466772+00
cb029973-b979-4a6a-8895-1d2e10e394a2,2024-12-02,1068.8900,1098.0800,1011.9200,2025-09-07 00:46:37.784345+00
cb5e651c-62af-4628-9364-64a3f2bdb893,2025-01-08,1164.7200,1185.1100,1036.7500,2025-09-07 00:46:37.834422+00
cb5f3bee-7aa8-4031-b5f1-ea7dbd25d193,2025-05-12,1141.2000,1157.3200,1126.0000,2025-09-07 00:46:37.992266+00
cc38eff6-ea89-4953-a335-c6fd89845f1d,2023-11-07,860.9300,890.9800,350.0300,2025-09-07 00:46:37.375586+00
ccb9b55c-a1b9-448d-b62a-69d7a250daec,2024-12-18,1131.2200,1143.9300,1022.7500,2025-09-07 00:46:37.824825+00
ccf6ccd7-fa11-4805-83ee-57bd8dc8ff43,2023-10-24,868.2300,894.0200,350.0300,2025-09-07 00:46:37.363701+00
ccf7c04c-d27a-4533-97b4-7cd3bb16709f,2024-12-27,1170.5600,1186.5500,1030.5000,2025-09-07 00:46:37.839134+00
cdf1a9d8-a82e-4d6e-9faa-72b7453f986c,2023-10-02,709.8900,742.7200,350.0300,2025-09-07 00:46:37.31522+00
ce30178f-5c60-44fe-87cb-47200c32fa47,2023-12-14,1011.9000,1019.6400,800.5300,2025-09-07 00:46:37.393879+00
ced6a487-6594-472c-874b-3f620f4c4069,2026-01-29,1458.8800,1507.2200,1446.3000,2026-01-29 10:05:22.300177+00
cf1be7b5-8f99-4203-8234-a636b8bcc80a,2023-01-31,355.8400,,186.8800,2025-09-07 00:46:37.049626+00
cf576b94-1204-4622-b687-93dc9b120ee2,2025-11-19,1441.1300,1475.6500,1402.5000,2025-11-19 10:20:38.862778+00
cf6cf55e-1beb-4b9e-a906-c5eeb7c2d07d,2025-04-03,1319.4200,1320.2600,1074.8300,2025-09-07 00:46:37.953486+00
cfad60ee-bf5d-4494-ac60-b0731cd18143,2023-08-22,657.5000,699.8000,350.0100,2025-09-07 00:46:37.269697+00
d0025482-6357-4815-8d68-3f9b82b57700,2024-10-23,1161.9900,1185.7100,985.9200,2025-09-07 00:46:37.747721+00
d04a8f98-d197-47b5-b237-7cf2788e9c25,2023-08-11,539.8300,574.8800,287.2900,2025-09-07 00:46:37.260932+00
d0544800-de39-405a-a863-461fec1889a7,2024-09-17,1214.0400,1244.0100,962.4200,2025-09-07 00:46:37.731979+00
d136bdba-d2b1-4622-90b7-804b7bf9d899,2024-01-22,1246.4800,1315.5400,821.4500,2025-09-07 00:46:37.442088+00
d1586503-e36b-4056-8699-7e9c33f171ca,2024-08-06,1336.4000,1333.6100,936.5000,2025-09-07 00:46:37.667646+00
d188ce32-c9b7-4e7b-b9a1-9bd5be797777,2026-02-09,1438.5400,1479.4300,1423.3600,2026-02-09 11:36:04.864849+00
d24692cf-d80f-4278-b885-a109a989acb8,2025-04-08,1376.5800,1373.5700,1076.5800,2025-09-07 00:46:37.970165+00
d27da603-b7ef-4f59-a9e8-a574403dfc29,2025-07-21,1281.3300,1285.0300,1286.0000,2025-09-07 00:46:38.076586+00
d398dbd1-c936-4a73-a51e-ac8a2a4c0d3d,2026-02-25,1425.8600,1472.3700,1388.5800,2026-02-25 10:39:01.667135+00
d4cc85cb-5494-4379-a0cd-41ccea34a0c4,2023-02-16,356.9500,,192.7800,2025-09-07 00:46:37.124949+00
d4f3de13-03ec-4ce3-a73a-7b16f6548c49,2023-09-27,689.9200,727.1600,350.0300,2025-09-07 00:46:37.329503+00
d4fa0e99-cf8c-401e-bf82-324c6fd55c2c,2023-05-29,459.6200,515.0800,238.2600,2025-09-07 00:46:37.002708+00
d5a2e892-e699-4a4f-b8b5-50cbe2995645,2025-02-03,1178.8200,1187.1300,1053.9200,2025-09-07 00:46:37.898323+00
d668bdc9-67d6-4b34-9e5c-016125939107,2023-04-25,447.6500,454.5400,220.8700,2025-09-07 00:46:37.165494+00
d682c017-8b9d-4c3c-a795-2d493566d94e,2025-03-07,1221.9300,1223.0500,1066.0400,2025-09-07 00:46:37.918332+00
d6d48b41-eefe-4f5c-88fe-41d22c302556,2024-11-01,1146.1700,1176.2900,992.7500,2025-09-07 00:46:37.789867+00
d6fd58d3-f7b6-4c5b-a096-7d2b7b2ba082,2024-04-03,991.2500,1071.0000,861.2500,2025-09-07 00:46:37.538846+00
d796df0f-3f7b-4062-bc28-2fd1fe13a93c,2023-03-14,381.2700,,202.1500,2025-09-07 00:46:37.08871+00
d86096a3-eea1-413b-86f8-c2f65c99ae2c,2025-09-20,1551.0300,1571.9200,1475.0000,2025-09-20 11:46:14+00
d8ee883f-089c-4b8c-940c-76a901122cbd,2024-04-25,1034.0600,1078.8800,873.7500,2025-09-07 00:46:37.535513+00
d9000629-d972-456a-88aa-314225cb1c6d,2026-01-12,1487.8900,1530.6600,1466.6500,2026-01-12 11:58:54.05145+00
d903f900-38ab-4dca-a241-be6ba8f10aaf,2025-03-26,1295.6300,1297.0400,1072.0800,2025-09-07 00:46:37.967921+00
d95e718e-1c9f-4ff1-bdae-7890761f4961,2024-10-07,1185.6400,1219.4900,975.5000,2025-09-07 00:46:37.743505+00
d960b2a9-9039-4c64-aca8-0da2e139dceb,2024-07-11,1403.3300,1408.8600,920.5000,2025-09-07 00:46:37.655861+00
d9940975-d86f-4e18-8546-5ace200146c4,2023-06-14,474.9300,512.2600,247.8000,2025-09-07 00:46:37.220156+00
da2c94b6-592f-4391-a0a4-83b304e0705f,2025-07-16,1270.1600,1280.7000,1259.9200,2025-09-07 00:46:38.07289+00
da43e161-67fe-4941-a64d-41f740bcfc6f,2024-09-12,1239.4800,1257.2700,959.6700,2025-09-07 00:46:37.704942+00
da791b66-2fb1-42ba-90a0-0f1570793911,2024-05-03,1072.6400,1123.3800,878.7500,2025-09-07 00:46:37.559769+00
daebba16-aaff-43ef-b783-ed28a618ee97,2024-05-29,1177.1400,1209.0800,893.7500,2025-09-07 00:46:37.60172+00
db044a6e-a05f-4438-99b3-18819b83893a,2023-04-26,445.5400,451.6300,221.5500,2025-09-07 00:46:37.09447+00
dc3a6042-f0ef-462b-8ec5-fb1c231cfcfd,2023-06-01,467.3500,495.4800,240.0700,2025-09-07 00:46:37.109915+00
dc687b9a-a5de-4046-9728-d16c4cb5ba41,2023-07-24,496.6200,549.3900,271.1900,2025-09-07 00:46:37.244281+00
dd2148f4-af55-450c-8a59-de77905abbe1,2025-01-30,1164.8900,1178.8500,1052.5000,2025-09-07 00:46:37.843918+00
dd3bd927-8ab3-4fd5-9823-4abf4ff9aaec,2024-09-06,1243.8700,1260.3500,957.1700,2025-09-07 00:46:37.731663+00
dd466c24-d5b4-44d2-b6af-dc7f0f92db42,2024-09-04,1279.8400,1293.0700,954.5000,2025-09-07 00:46:37.710433+00
dd4befd9-e4f0-4221-bcd3-e5937ca5b7d9,2025-03-05,1233.9300,1234.4900,1064.3800,2025-09-07 00:46:37.916689+00
dd64a4de-4fc0-46f0-bcee-628c0fb36245,2024-05-08,1038.7700,1079.3300,881.7500,2025-09-07 00:46:37.560857+00
dd8d35ab-0498-483a-a37e-1ad5a929dc48,2025-09-12,1468.4600,1491.4100,1447.1700,2025-09-12 11:20:28.709586+00
ddad5ab2-c3b6-482c-9a60-cbdab00d57df,2026-02-19,1409.0700,1448.3800,1391.9700,2026-02-19 10:41:53.963589+00
de062cb0-ab1a-45a8-8e7a-b9e74bc99d1f,2025-05-09,1144.1100,1156.7800,1113.5800,2025-09-07 00:46:37.990128+00
de2b296b-3834-4fac-9685-bbb13f4306e9,2024-04-30,1040.8900,1091.0700,876.7500,2025-09-07 00:46:37.555127+00
de718cda-6df0-4a6b-8e50-b715f0657408,2025-08-11,1324.6500,1326.8400,1330.5000,2025-09-04 13:24:45.910377+00
dea588f2-70dc-44c2-b4dc-e1b300b794a2,2025-06-26,1199.2800,1205.2000,1194.6700,2025-09-07 00:46:38.04776+00
df108790-a931-4db8-93ee-d2f983919464,2025-09-05,1383.3300,1385.5500,1365.4200,2025-09-05 11:34:39.501366+00
df2a980d-f137-4ee8-9727-9d6adb888fc8,2024-09-09,1226.4200,1240.0000,957.7500,2025-09-07 00:46:37.695851+00
e002ed63-d0e8-4f42-b29a-ab55b574336f,2026-01-08,1494.1100,1530.7200,1459.5800,2026-01-08 11:17:39.641629+00
e00d1b6d-c143-4b57-b67c-ff806d154d0d,2024-09-03,1294.4600,1290.8900,954.1700,2025-09-07 00:46:37.727014+00
e033dd38-3ed0-43d1-9962-af178dec7fc1,2026-02-10,1434.2400,1473.6200,1405.4300,2026-02-10 10:35:54.721073+00
e0870b2f-a970-4641-ae7e-0072cbc97e7e,2023-07-17,489.9700,541.4000,266.7900,2025-09-07 00:46:37.221396+00
e11fa512-e828-4528-94b2-7d1261d20927,2023-12-21,971.7100,966.7100,804.2300,2025-09-07 00:46:37.428998+00
e12b0f07-1b5a-4c22-a211-568eab5767cd,2024-01-29,1219.5000,1251.0900,825.2500,2025-09-07 00:46:37.44231+00
e12d3f8e-eeab-4c3b-8bef-1ee389f07abd,2026-02-04,1457.2900,1496.7600,1447.6200,2026-02-04 08:40:25.413655+00
e136c2c2-1d00-4429-9f79-0e0433885b70,2025-03-14,1237.7800,1237.9800,1068.5400,2025-09-07 00:46:37.943781+00
e163da60-bff4-4044-b157-182c9f3e50a5,2024-11-28,1075.1500,1104.6300,1009.2500,2025-09-07 00:46:37.787358+00
e21db4ef-bc8c-4e0f-a939-3128d0f82ceb,2024-02-01,1242.3700,1287.8400,826.8500,2025-09-07 00:46:37.448725+00
e2f53e93-efb6-432b-aa64-470456aa2200,2023-05-24,459.5700,517.3900,235.6300,2025-09-07 00:46:37.050958+00
e2f8c3a4-1bab-47f0-b1cb-52a4c1af6a7d,2024-01-25,1228.8900,1280.0900,823.0500,2025-09-07 00:46:37.448968+00
e3f4143c-7ca4-4dea-bc09-a35dc6a79769,2023-02-24,356.9200,,195.7400,2025-09-07 00:46:37.049185+00
e44ed433-fe8a-413d-b41c-37dda7ba0570,2023-09-06,672.6000,704.7500,350.0000,2025-09-07 00:46:37.297092+00
e4dd4ec9-4bed-428e-aba3-717b38b17adf,2024-02-15,1094.8100,1156.1400,834.5700,2025-09-07 00:46:37.459951+00
e50fcc5d-59fc-4f01-a7d2-4c0a1672cf96,2024-07-19,1331.7000,1335.1100,926.7500,2025-09-07 00:46:37.649759+00
e54a6aa9-2aa1-4a8c-892f-dfa672a64725,2025-06-10,1189.4400,1193.7800,1187.0000,2025-09-07 00:46:38.005311+00
e646c834-5290-499c-8fb4-92bdbda97f61,2023-12-06,945.9200,945.9200,363.5500,2025-09-07 00:46:37.386758+00
e678cf0b-0423-4d1d-ae3a-bc215a14fdb8,2025-05-19,1148.7700,1166.1200,1134.2500,2025-09-07 00:46:37.995907+00
e6b31601-fdf5-48a4-8094-c849a156206c,2025-07-02,1238.6000,1240.5800,1231.3300,2025-09-07 00:46:38.049103+00
e762fd7e-d762-4661-b8ce-0f43be6483d3,2025-02-14,1183.8800,1196.6200,1058.5000,2025-09-07 00:46:37.870062+00
e771bf2e-904b-4cec-b93a-4e34039fee57,2025-09-16,1469.9100,1476.8100,1464.6700,2025-09-16 11:30:41.258859+00
e838b310-fc35-4f4a-87b8-0b6c84abf720,2025-05-05,1202.9200,1215.9900,1178.5000,2025-09-07 00:46:37.984814+00
e845290a-ae81-48e9-afb8-b838c04a4e1e,2025-10-31,1477.4600,1498.5700,1443.0000,2025-10-31 11:57:33.037191+00
e94647d3-cd65-46be-b708-330f198c9113,2023-08-24,664.2700,697.2200,349.9800,2025-09-07 00:46:37.249451+00
e95ad856-c1b2-4d48-ba11-9e79b9f26f17,2025-02-07,1194.4700,1202.0400,1055.9200,2025-09-07 00:46:37.901259+00
e9eb3c85-3e4b-4a4d-9ab8-5d92f9c54130,2024-04-11,994.8600,1046.5800,865.7500,2025-09-07 00:46:37.532652+00
ea0348d4-b2ad-46e1-ad98-e8749728b361,2026-02-08,1447.9900,1497.5400,1430.5900,2026-02-08 11:26:18+00
ea1a607b-6da8-4811-8bef-72d936e8250c,2024-08-23,1282.7000,1287.3100,948.1700,2025-09-07 00:46:37.681052+00
ea36f931-54c7-45b0-84cc-7aa209b1e029,2024-11-21,1078.9500,1111.2400,1004.7500,2025-09-07 00:46:37.799198+00
ea6c4a22-10b5-4dbe-8e32-b0a2b7031457,2025-03-13,1233.5500,1234.3200,1067.1300,2025-09-07 00:46:37.923483+00
eaf3f47e-c734-4ff7-b261-a71d761b018e,2024-08-01,1300.1400,1300.4100,933.4200,2025-09-07 00:46:37.651788+00
eb51ee49-33a3-4042-b041-f938a647072d,2023-01-17,347.5200,,182.4900,2025-09-07 00:46:36.998445+00
eb76cf3d-c52a-4666-b460-ac454a326694,2023-06-13,473.4600,507.8400,247.2900,2025-09-07 00:46:37.209416+00
ec43f17b-c5a2-422b-85c5-8ca0f4373ab1,2023-04-05,395.4300,415.1300,211.2400,2025-09-07 00:46:37.093588+00
ec6b3b1d-9869-4dbb-a35b-078db344610c,2024-06-24,1295.2200,1309.3900,909.0800,2025-09-07 00:46:37.598992+00
ecd01adc-e4f0-4fa6-b4f9-c81f971fdaa0,2023-11-09,868.2800,863.3100,350.0300,2025-09-07 00:46:37.351568+00
edbc2a51-f2f3-46b7-b4f4-2c984c9eb505,2023-06-08,473.7500,496.5900,244.3300,2025-09-07 00:46:37.204826+00
ee046211-6f74-4f9e-8f9f-ccc8427d00f9,2025-06-23,1185.1500,1189.8700,1167.3300,2025-09-07 00:46:38.047009+00
ee85065e-4ead-4859-875a-15cbffe3150c,2024-05-30,1182.7100,1216.3600,894.2500,2025-09-07 00:46:37.581652+00
ee8caf07-0661-4df2-a4c1-0d382aed93a0,2025-11-14,1451.1700,1482.4500,1405.0000,2025-11-14 14:00:06.715044+00
eec31e44-2238-4cfe-812d-40b1652f247f,2024-05-31,1215.9300,1252.9600,895.2500,2025-09-07 00:46:37.624638+00
eef87bb9-0937-4a4c-8366-b15560394f47,2025-03-17,1250.5900,1254.7000,1068.9200,2025-09-07 00:46:37.940886+00
ef2e9944-84c5-4400-b926-7ed82abfcdee,2023-08-23,659.8200,675.2800,349.9800,2025-09-07 00:46:37.260151+00
ef4623a6-e31e-4b7f-a804-5eff6f8aa1fb,2025-10-17,1541.4900,1550.7200,1439.5000,2025-10-17 11:23:56.5683+00
ef740a17-61d9-40e1-81a7-fa40421d4344,2025-03-31,1312.5600,1314.2100,1073.8800,2025-09-07 00:46:37.960494+00
ef97645d-9980-47c6-b840-7de47fc41069,2023-08-31,669.2900,704.2200,350.0200,2025-09-07 00:46:37.271934+00
efb71daf-4f35-41e9-af09-cb08536b7d97,2023-08-17,654.8100,681.9900,349.9800,2025-09-07 00:46:37.269187+00
efc9358c-4c6e-47ba-8c07-b93e0e1b50fc,2025-08-16,1308.1300,,,2025-08-24 19:12:10.052745+00
efdee28d-73f3-4bba-a389-a7dab943a570,2025-07-31,1359.7600,1360.9000,1351.8300,2025-09-04 13:24:45.592778+00
f0cd9af5-e17b-43a4-accf-4bbcbef8b987,2024-09-30,1215.0300,1236.9000,970.9200,2025-09-07 00:46:37.746536+00
f0f10bf5-ba03-45a9-8a0c-c8ccb6e9af9f,2025-01-13,1172.7800,1196.6800,1040.2500,2025-09-07 00:46:37.848352+00
f103978d-0708-468d-bcc1-3d6154abd913,2023-09-13,675.9400,706.6700,349.9800,2025-09-07 00:46:37.264903+00
f16e8eb9-2ada-4fc9-a4bd-11c89d4a1d53,2023-11-23,1006.0900,997.5400,357.0100,2025-09-07 00:46:37.377732+00
f1f536c1-971b-465c-9f78-8ba358774a85,2023-03-30,391.8900,409.8700,208.6000,2025-09-07 00:46:37.100347+00
f203248c-aa15-4d66-91ab-834cf391f996,2023-10-25,890.4000,906.3400,350.0200,2025-09-07 00:46:37.363555+00
f263ce75-6da6-432c-aead-e2808ab6c1ca,2025-12-16,1504.3000,1547.6700,1451.3300,2025-12-16 12:01:10.076836+00
f26a1268-f966-468c-b1d1-c74545088cfc,2023-10-20,899.4000,924.9500,350.0300,2025-09-07 00:46:37.3511+00
f28cfb55-de25-4521-8317-5f6a163d5e37,2024-11-22,1080.4000,1107.7800,1006.7500,2025-09-07 00:46:37.793646+00
f29bde05-1fca-4e86-b13d-6bbc6c461210,2023-08-29,669.7800,703.9000,349.9800,2025-09-07 00:46:37.268597+00
f2a2506e-e0d3-48e5-a556-2214bf20c582,2025-08-29,1357.3400,1359.1800,1323.8300,2025-09-04 13:24:45.622006+00
f2c178db-acae-402e-9321-c3cb04c3eba0,2023-05-11,434.9500,454.0200,228.9900,2025-09-07 00:46:37.027172+00
f2f73b9b-61db-4114-9fee-e7111bd8c368,2025-10-20,1552.8200,1564.3800,1462.8300,2025-10-20 11:43:35.238828+00
f446f3cb-f658-4fc7-a240-f67ed7c997d1,2023-08-09,527.9200,561.8700,285.1800,2025-09-07 00:46:37.257796+00
f461563c-6167-4faf-be53-51e87e84eb2e,2026-01-23,1469.3800,1513.2100,1433.2000,2026-01-23 11:07:36.692483+00
f482ef6f-3511-413f-988d-cccc4fdc1156,2023-02-09,356.8300,,190.2000,2025-09-07 00:46:37.086443+00
f4c8a0e1-159e-47e2-8f43-35cd3b464b03,2025-12-10,1471.3500,1506.6600,1439.4200,2025-12-10 11:50:08.808319+00
f569f3d3-7343-4534-98c5-8f7a4efb3020,2024-03-11,981.0000,1023.6100,848.2500,2025-09-07 00:46:37.481948+00
f580bbce-8632-45af-a89d-f4d24f56aed0,2026-01-05,1501.4900,1540.6400,1472.7300,2026-01-05 11:36:34.337669+00
f60cbf85-5415-4cdf-a284-5baa2a6de5ec,2023-04-19,401.4400,462.9200,217.4700,2025-09-07 00:46:37.132576+00
f65cd314-3044-49e6-9b0f-0e64b96716ae,2025-11-07,1454.6900,1474.2700,1441.5000,2025-11-07 12:00:35.647921+00
f6c7e5f1-242b-4b4f-b4ac-02e689f781b7,2023-08-16,645.3300,678.1800,350.0000,2025-09-07 00:46:37.249056+00
f7401bc3-75b2-415f-8c38-9eeafb0a3ba7,2025-04-29,1173.1500,1187.2400,1170.6700,2025-09-07 00:46:37.973587+00
f78a244b-117b-4e25-9020-1ddd29c95fe0,2023-11-27,917.3400,861.0600,359.0300,2025-09-07 00:46:37.38418+00
f81d3b23-6930-4446-be7b-bce42f1455d8,2026-02-26,1437.5800,1481.0100,1408.7000,2026-02-26 10:42:40.554426+00
f8c20537-4d07-4f8c-bf17-f06ee8eb8870,2023-01-23,354.6300,375.7300,184.3700,2025-09-07 00:46:36.994886+00
f908d635-46ad-48e3-843f-d512a0351989,2024-05-28,1200.9000,1232.9000,893.2500,2025-09-07 00:46:37.593222+00
f946194d-62c5-4c64-8fb2-c4cd5d1002ef,2023-05-22,462.6500,503.5700,234.4100,2025-09-07 00:46:37.139322+00
f952efe0-233d-4281-9a5d-e872d291677e,2023-11-29,842.6700,809.4400,360.0100,2025-09-07 00:46:37.394069+00
f9aac9e5-0ded-49a3-9acc-952a6a5571c3,2023-05-02,429.2400,440.4800,224.6300,2025-09-07 00:46:37.12927+00
f9b439c4-51e6-4a17-a246-bec7c46c5805,2023-08-04,515.0400,549.8500,279.3200,2025-09-07 00:46:37.279201+00
f9e608ef-3f9e-4bbb-9f61-371da9a0cfe7,2023-07-14,487.6800,519.4400,265.1400,2025-09-07 00:46:37.218773+00
fa32ebec-ebff-4f4d-9b77-86f688837142,2025-02-28,1228.4800,1230.4100,1064.3800,2025-09-07 00:46:37.92093+00
fa5823a1-46d4-4caa-bc7b-8cdb35f64ebc,2024-11-29,1075.7600,1102.1500,1011.7500,2025-09-07 00:46:37.808087+00
fa85666d-9954-48d8-91ab-c1d79f89b123,2025-02-18,1203.1600,1210.9700,1059.1700,2025-09-07 00:46:37.892574+00
fb60ee83-6f3d-4e85-9a0a-6e1788564000,2025-09-01,1376.4900,1378.1600,1371.1700,2025-09-07 00:46:38.131784+00
fbac2231-a76b-430a-9042-546cdc1570af,2025-02-19,1201.8600,1214.0600,1059.3800,2025-09-07 00:46:37.912807+00
fbb0519e-4386-48b4-a387-73d521d1f2e5,2025-02-25,1211.9600,1216.1100,1061.6300,2025-09-07 00:46:37.905618+00
fbc5dd3a-a732-4b46-aab5-48b498ac3376,2023-09-28,694.8800,723.9400,350.0300,2025-09-07 00:46:37.311398+00
fbcacd21-57b0-4bda-9ea5-75ebb872ac76,2023-02-14,355.7000,,192.0200,2025-09-07 00:46:37.086159+00
fbce4c09-f5aa-4229-b9ce-5f89f7d72fe5,2025-01-06,1165.0900,1179.4900,1035.7500,2025-09-07 00:46:37.84193+00
fc2a5d12-0276-420b-82a9-178d27531bb9,2024-09-24,1202.1300,1222.7100,966.7500,2025-09-07 00:46:37.742017+00
fc7effa6-6100-4c55-a475-6509d20d744c,2025-12-29,1484.3500,1527.8500,1454.9200,2025-12-29 11:54:26.872713+00
fcc882d9-a5b5-462a-9215-06542653d05e,2025-01-28,1161.3800,1174.9800,1050.9200,2025-09-07 00:46:37.910464+00
fce4524a-be59-43fb-8a22-a010f1eb4f57,2023-06-09,473.3800,513.8300,244.9700,2025-09-07 00:46:37.190757+00
fcf39349-53e1-4193-86d4-fcb42f51baed,2025-05-30,1191.7200,1203.6900,1195.3300,2025-09-07 00:46:38.012791+00
fd1ee1db-3194-4318-8806-826f43d5f9ff,2025-02-21,1205.8800,1214.3400,1060.8800,2025-09-07 00:46:37.895158+00
fd30733a-e06f-4c43-a499-cff1ae0fa119,2024-03-26,1027.0900,1100.6000,856.7500,2025-09-07 00:46:37.556889+00
fd74ef6a-a684-4a86-9cef-125125b20a71,2026-02-03,1460.3800,1496.5800,1447.6700,2026-02-03 11:30:24.424117+00
fda55924-feb4-4764-acad-b94d64f8d7bb,2023-11-03,858.4000,852.5200,350.0300,2025-09-07 00:46:37.391068+00
fdb91543-50b4-46e9-ac4b-cb1c57285abd,2024-08-27,1286.1900,1294.2900,949.7500,2025-09-07 00:46:37.707012+00
fe1657fd-7a3f-4d47-b17b-8ff178949fed,2026-01-19,1466.7000,1511.5600,1432.6900,2026-01-19 10:37:11.274113+00
fe3a21a3-4b32-4d76-b4d4-01303bfbfaf5,2025-01-27,1162.2200,1172.5800,1050.5000,2025-09-07 00:46:37.871524+00
fe4f7c82-e173-4d68-a87e-de960fe68fb2,2023-11-17,855.2300,876.6500,354.0100,2025-09-07 00:46:37.371469+00
fe701615-0eb8-4d0b-928a-2d46cf8e4d8d,2025-05-21,1148.8000,1164.1400,1145.0000,2025-09-07 00:46:37.9863+00
feb0ee88-e9dc-4913-9267-af2bf15ac5eb,2025-06-12,1186.5100,1190.5000,1185.5000,2025-09-07 00:46:38.022389+00
feb17e1f-f64c-4ed4-a7a3-cfdab09509f3,2023-06-12,474.3800,511.6700,246.7800,2025-09-07 00:46:37.178346+00
ff01268b-38f0-45ff-937a-9219a604ea06,2025-08-15,1308.1300,,,2025-08-27 13:58:02.237437+00
ffb452e0-91f5-4161-9fd3-c0c6fcbd8a3a,2024-10-01,1220.2800,1245.0200,971.2500,2025-09-07 00:46:37.743391+00